{"error":"Failed to parse URL from /pipeline","eventId":"1753315961842-kd2hjrfr6","level":"error","message":"[OBSERVABILITY] Failed to store event in Redis","timestamp":"2025-07-23 20:12:46:1246"}
{"error":"Failed to parse URL from /pipeline","eventId":"1753315966189-qgv1q20pm","level":"error","message":"[OBSERVABILITY] Failed to store event in Redis","timestamp":"2025-07-23 20:12:50:1250"}
{"error":"Failed to parse URL from /pipeline","eventId":"1753315966191-ox7lsw0ai","level":"error","message":"[OBSERVABILITY] Failed to store event in Redis","timestamp":"2025-07-23 20:12:50:1250"}
{"error":"Failed to parse URL from /pipeline","eventId":"1753315966193-fxlyrc4jo","level":"error","message":"[OBSERVABILITY] Failed to store event in Redis","timestamp":"2025-07-23 20:12:50:1250"}
{"error":"Failed to parse URL from /pipeline","eventId":"1753315966194-pkogh3qut","level":"error","message":"[OBSERVABILITY] Failed to store event in Redis","timestamp":"2025-07-23 20:12:50:1250"}
{"error":"Failed to parse URL from /pipeline","eventId":"1753315966194-e2hd9jruz","level":"error","message":"[OBSERVABILITY] Failed to store event in Redis","timestamp":"2025-07-23 20:12:50:1250"}
{"error":"Failed to parse URL from /pipeline","eventId":"1753315966196-fi64ucspg","level":"error","message":"[OBSERVABILITY] Failed to store event in Redis","timestamp":"2025-07-23 20:12:50:1250"}
{"error":"Failed to parse URL from /pipeline","eventId":"1753315966196-03ua0tkyd","level":"error","message":"[OBSERVABILITY] Failed to store event in Redis","timestamp":"2025-07-23 20:12:50:1250"}
{"error":"Failed to parse URL from /pipeline","eventId":"1753315966197-cnonbte35","level":"error","message":"[OBSERVABILITY] Failed to store event in Redis","timestamp":"2025-07-23 20:12:50:1250"}
{"error":"Failed to parse URL from /pipeline","eventId":"1753315966198-fyz9apmrl","level":"error","message":"[OBSERVABILITY] Failed to store event in Redis","timestamp":"2025-07-23 20:12:50:1250"}
{"error":"Failed to parse URL from /pipeline","eventId":"1753315966198-57byn1tvj","level":"error","message":"[OBSERVABILITY] Failed to store event in Redis","timestamp":"2025-07-23 20:12:50:1250"}
{"error":"Failed to parse URL from /pipeline","level":"error","message":"[OBSERVABILITY] Failed to collect system metrics","timestamp":"2025-07-23 20:12:56:1256"}
{"error":"Failed to parse URL from /pipeline","level":"error","message":"[OBSERVABILITY] Failed to collect system metrics","timestamp":"2025-07-23 20:13:06:136"}
{"error":"Failed to parse URL from /pipeline","level":"error","message":"[OBSERVABILITY] Failed to collect system metrics","timestamp":"2025-07-23 20:13:16:1316"}
{"error":"Failed to parse URL from /pipeline","level":"error","message":"[OBSERVABILITY] Failed to collect system metrics","timestamp":"2025-07-23 20:13:26:1326"}
{"error":"Failed to parse URL from /pipeline","level":"error","message":"[OBSERVABILITY] Failed to collect system metrics","timestamp":"2025-07-23 20:13:36:1336"}
{"error":"Failed to parse URL from /pipeline","level":"error","message":"[OBSERVABILITY] Failed to collect system metrics","timestamp":"2025-07-23 20:13:46:1346"}
{"error":"Failed to parse URL from /pipeline","eventId":"1753316026191-gv2jstawk","level":"error","message":"[OBSERVABILITY] Failed to store event in Redis","timestamp":"2025-07-23 20:13:50:1350"}
{"error":"Failed to parse URL from /pipeline","eventId":"1753316026191-mru2d6nzx","level":"error","message":"[OBSERVABILITY] Failed to store event in Redis","timestamp":"2025-07-23 20:13:50:1350"}
{"error":"Failed to parse URL from /pipeline","eventId":"1753316026192-0xpy1xfrs","level":"error","message":"[OBSERVABILITY] Failed to store event in Redis","timestamp":"2025-07-23 20:13:50:1350"}
{"error":"Failed to parse URL from /pipeline","eventId":"1753316026193-1urujd6dq","level":"error","message":"[OBSERVABILITY] Failed to store event in Redis","timestamp":"2025-07-23 20:13:50:1350"}
{"error":"Failed to parse URL from /pipeline","eventId":"1753316026194-jj5jbk24a","level":"error","message":"[OBSERVABILITY] Failed to store event in Redis","timestamp":"2025-07-23 20:13:50:1350"}
{"error":"Failed to parse URL from /pipeline","level":"error","message":"[OBSERVABILITY] Failed to collect system metrics","timestamp":"2025-07-23 20:13:56:1356"}
{"error":"Failed to parse URL from /pipeline","level":"error","message":"[OBSERVABILITY] Failed to collect system metrics","timestamp":"2025-07-23 20:14:06:146"}
{"error":"Failed to parse URL from /pipeline","level":"error","message":"[OBSERVABILITY] Failed to collect system metrics","timestamp":"2025-07-23 20:14:16:1416"}
{"error":"Failed to parse URL from /pipeline","level":"error","message":"[OBSERVABILITY] Failed to collect system metrics","timestamp":"2025-07-23 20:14:26:1426"}
{"error":"Failed to parse URL from /pipeline","level":"error","message":"[OBSERVABILITY] Failed to collect system metrics","timestamp":"2025-07-23 20:14:36:1436"}
{"error":"Failed to parse URL from /pipeline","level":"error","message":"[OBSERVABILITY] Failed to collect system metrics","timestamp":"2025-07-23 20:14:46:1446"}
{"error":"Failed to parse URL from /pipeline","level":"error","message":"[OBSERVABILITY] Failed to collect system metrics","timestamp":"2025-07-23 20:14:56:1456"}
{"error":"Failed to parse URL from /pipeline","level":"error","message":"[OBSERVABILITY] Failed to collect system metrics","timestamp":"2025-07-23 20:15:06:156"}
{"error":"Failed to parse URL from /pipeline","level":"error","message":"[OBSERVABILITY] Failed to collect system metrics","timestamp":"2025-07-23 20:15:16:1516"}
{"error":"Failed to parse URL from /pipeline","level":"error","message":"[OBSERVABILITY] Failed to collect system metrics","timestamp":"2025-07-23 20:15:26:1526"}
{"error":"Failed to parse URL from /pipeline","level":"error","message":"[OBSERVABILITY] Failed to collect system metrics","timestamp":"2025-07-23 20:15:36:1536"}
{"error":"Failed to parse URL from /pipeline","level":"error","message":"[OBSERVABILITY] Failed to collect system metrics","timestamp":"2025-07-23 20:15:46:1546"}
{"error":"Failed to parse URL from /pipeline","level":"error","message":"[OBSERVABILITY] Failed to collect system metrics","timestamp":"2025-07-23 20:15:56:1556"}
{"error":"Failed to parse URL from /pipeline","level":"error","message":"[OBSERVABILITY] Failed to collect system metrics","timestamp":"2025-07-23 20:16:06:166"}
{"error":"Failed to parse URL from /pipeline","level":"error","message":"[OBSERVABILITY] Failed to collect system metrics","timestamp":"2025-07-23 20:16:16:1616"}
{"error":"Failed to parse URL from /pipeline","level":"error","message":"[OBSERVABILITY] Failed to collect system metrics","timestamp":"2025-07-23 20:16:26:1626"}
{"error":"Failed to parse URL from /pipeline","level":"error","message":"[OBSERVABILITY] Failed to collect system metrics","timestamp":"2025-07-23 20:16:36:1636"}
{"error":"Failed to parse URL from /pipeline","level":"error","message":"[OBSERVABILITY] Failed to collect system metrics","timestamp":"2025-07-23 20:16:46:1646"}
{"error":"Failed to parse URL from /pipeline","level":"error","message":"[OBSERVABILITY] Failed to collect system metrics","timestamp":"2025-07-23 20:16:56:1656"}
{"error":"Failed to parse URL from /pipeline","level":"error","message":"[OBSERVABILITY] Failed to collect system metrics","timestamp":"2025-07-23 20:17:06:176"}
{"error":"Failed to parse URL from /pipeline","level":"error","message":"[OBSERVABILITY] Failed to collect system metrics","timestamp":"2025-07-23 20:17:16:1716"}
{"error":"Failed to parse URL from /pipeline","level":"error","message":"[OBSERVABILITY] Failed to collect system metrics","timestamp":"2025-07-23 20:17:26:1726"}
{"error":"Failed to parse URL from /pipeline","level":"error","message":"[OBSERVABILITY] Failed to collect system metrics","timestamp":"2025-07-23 20:17:36:1736"}
{"error":"Failed to parse URL from /pipeline","level":"error","message":"[OBSERVABILITY] Failed to collect system metrics","timestamp":"2025-07-23 20:17:46:1746"}
{"error":"Failed to parse URL from /pipeline","level":"error","message":"[OBSERVABILITY] Failed to collect system metrics","timestamp":"2025-07-23 20:17:56:1756"}
{"error":"Failed to parse URL from /pipeline","level":"error","message":"[OBSERVABILITY] Failed to collect system metrics","timestamp":"2025-07-23 20:18:06:186"}
{"error":"Failed to parse URL from /pipeline","level":"error","message":"[OBSERVABILITY] Failed to collect system metrics","timestamp":"2025-07-23 20:18:16:1816"}
{"error":"Failed to parse URL from /pipeline","level":"error","message":"[OBSERVABILITY] Failed to collect system metrics","timestamp":"2025-07-23 20:18:26:1826"}
{"error":"Failed to parse URL from /pipeline","level":"error","message":"[OBSERVABILITY] Failed to collect system metrics","timestamp":"2025-07-23 20:18:36:1836"}
{"error":"Failed to parse URL from /pipeline","level":"error","message":"[OBSERVABILITY] Failed to collect system metrics","timestamp":"2025-07-23 20:18:46:1846"}
{"error":"Failed to parse URL from /pipeline","level":"error","message":"[OBSERVABILITY] Failed to collect system metrics","timestamp":"2025-07-23 20:18:56:1856"}
{"error":"Failed to parse URL from /pipeline","level":"error","message":"[OBSERVABILITY] Failed to collect system metrics","timestamp":"2025-07-23 20:19:06:196"}
{"error":"Failed to parse URL from /pipeline","level":"error","message":"[OBSERVABILITY] Failed to collect system metrics","timestamp":"2025-07-23 20:19:16:1916"}
{"error":"Failed to parse URL from /pipeline","level":"error","message":"[OBSERVABILITY] Failed to collect system metrics","timestamp":"2025-07-23 20:19:26:1926"}
{"error":"Failed to parse URL from /pipeline","level":"error","message":"[OBSERVABILITY] Failed to collect system metrics","timestamp":"2025-07-23 20:19:36:1936"}
{"error":"Failed to parse URL from /pipeline","level":"error","message":"[OBSERVABILITY] Failed to collect system metrics","timestamp":"2025-07-23 20:19:46:1946"}
{"error":"Failed to parse URL from /pipeline","level":"error","message":"[OBSERVABILITY] Failed to collect system metrics","timestamp":"2025-07-23 20:19:56:1956"}
{"error":"Failed to parse URL from /pipeline","level":"error","message":"[OBSERVABILITY] Failed to collect system metrics","timestamp":"2025-07-23 20:20:06:206"}
{"error":"Failed to parse URL from /pipeline","level":"error","message":"[OBSERVABILITY] Failed to collect system metrics","timestamp":"2025-07-23 20:20:16:2016"}
{"error":"Failed to parse URL from /pipeline","level":"error","message":"[OBSERVABILITY] Failed to collect system metrics","timestamp":"2025-07-23 20:20:26:2026"}
{"error":"Failed to parse URL from /pipeline","level":"error","message":"[OBSERVABILITY] Failed to collect system metrics","timestamp":"2025-07-23 20:20:36:2036"}
{"error":"Failed to parse URL from /pipeline","level":"error","message":"[OBSERVABILITY] Failed to collect system metrics","timestamp":"2025-07-23 20:20:46:2046"}
{"error":"Failed to parse URL from /pipeline","level":"error","message":"[OBSERVABILITY] Failed to collect system metrics","timestamp":"2025-07-23 20:20:56:2056"}
{"error":"Failed to parse URL from /pipeline","level":"error","message":"[OBSERVABILITY] Failed to collect system metrics","timestamp":"2025-07-23 20:21:06:216"}
{"error":"Failed to parse URL from /pipeline","level":"error","message":"[OBSERVABILITY] Failed to collect system metrics","timestamp":"2025-07-23 20:21:16:2116"}
{"error":"Failed to parse URL from /pipeline","level":"error","message":"[OBSERVABILITY] Failed to collect system metrics","timestamp":"2025-07-23 20:21:26:2126"}
{"error":"Failed to parse URL from /pipeline","level":"error","message":"[OBSERVABILITY] Failed to collect system metrics","timestamp":"2025-07-23 20:21:36:2136"}
{"error":"Failed to parse URL from /pipeline","level":"error","message":"[OBSERVABILITY] Failed to collect system metrics","timestamp":"2025-07-23 20:21:46:2146"}
{"error":"Failed to parse URL from /pipeline","level":"error","message":"[OBSERVABILITY] Failed to collect system metrics","timestamp":"2025-07-23 20:21:56:2156"}
{"error":"Failed to parse URL from /pipeline","level":"error","message":"[OBSERVABILITY] Failed to collect system metrics","timestamp":"2025-07-23 20:22:06:226"}
{"error":"Failed to parse URL from /pipeline","level":"error","message":"[OBSERVABILITY] Failed to collect system metrics","timestamp":"2025-07-23 20:22:16:2216"}
{"error":"Failed to parse URL from /pipeline","level":"error","message":"[OBSERVABILITY] Failed to collect system metrics","timestamp":"2025-07-23 20:22:26:2226"}
{"error":"Failed to parse URL from /pipeline","level":"error","message":"[OBSERVABILITY] Failed to collect system metrics","timestamp":"2025-07-23 20:22:36:2236"}
{"error":"Failed to parse URL from /pipeline","level":"error","message":"[OBSERVABILITY] Failed to collect system metrics","timestamp":"2025-07-23 20:22:46:2246"}
{"error":"Failed to parse URL from /pipeline","level":"error","message":"[OBSERVABILITY] Failed to collect system metrics","timestamp":"2025-07-23 20:22:56:2256"}
{"error":"Failed to parse URL from /pipeline","level":"error","message":"[OBSERVABILITY] Failed to collect system metrics","timestamp":"2025-07-23 20:23:06:236"}
{"error":"Failed to parse URL from /pipeline","level":"error","message":"[OBSERVABILITY] Failed to collect system metrics","timestamp":"2025-07-23 20:23:16:2316"}
{"error":"Failed to parse URL from /pipeline","level":"error","message":"[OBSERVABILITY] Failed to collect system metrics","timestamp":"2025-07-23 20:23:26:2326"}
{"error":"Failed to parse URL from /pipeline","level":"error","message":"[OBSERVABILITY] Failed to collect system metrics","timestamp":"2025-07-23 20:23:36:2336"}
{"error":"Failed to parse URL from /pipeline","level":"error","message":"[OBSERVABILITY] Failed to collect system metrics","timestamp":"2025-07-23 20:23:46:2346"}
{"error":"Failed to parse URL from /pipeline","level":"error","message":"[OBSERVABILITY] Failed to collect system metrics","timestamp":"2025-07-23 20:23:56:2356"}
{"error":"Failed to parse URL from /pipeline","level":"error","message":"[OBSERVABILITY] Failed to collect system metrics","timestamp":"2025-07-23 20:24:06:246"}
{"error":"Failed to parse URL from /pipeline","level":"error","message":"[OBSERVABILITY] Failed to collect system metrics","timestamp":"2025-07-23 20:24:16:2416"}
{"error":"Failed to parse URL from /pipeline","level":"error","message":"[OBSERVABILITY] Failed to collect system metrics","timestamp":"2025-07-23 20:24:26:2426"}
{"error":"Failed to parse URL from /pipeline","level":"error","message":"[OBSERVABILITY] Failed to collect system metrics","timestamp":"2025-07-23 20:24:36:2436"}
{"error":"Failed to parse URL from /pipeline","level":"error","message":"[OBSERVABILITY] Failed to collect system metrics","timestamp":"2025-07-23 20:24:46:2446"}
{"error":"Failed to parse URL from /pipeline","level":"error","message":"[OBSERVABILITY] Failed to collect system metrics","timestamp":"2025-07-23 20:24:56:2456"}
{"error":"Failed to parse URL from /pipeline","level":"error","message":"[OBSERVABILITY] Failed to collect system metrics","timestamp":"2025-07-23 20:25:06:256"}
{"error":"Failed to parse URL from /pipeline","level":"error","message":"[OBSERVABILITY] Failed to collect system metrics","timestamp":"2025-07-23 20:25:16:2516"}
{"error":"Failed to parse URL from /pipeline","level":"error","message":"[OBSERVABILITY] Failed to collect system metrics","timestamp":"2025-07-23 20:25:26:2526"}
{"error":"Failed to parse URL from /pipeline","level":"error","message":"[OBSERVABILITY] Failed to collect system metrics","timestamp":"2025-07-23 20:25:36:2536"}
{"error":"Failed to parse URL from /pipeline","level":"error","message":"[OBSERVABILITY] Failed to collect system metrics","timestamp":"2025-07-23 20:25:46:2546"}
{"error":"Failed to parse URL from /pipeline","level":"error","message":"[OBSERVABILITY] Failed to collect system metrics","timestamp":"2025-07-23 20:25:56:2556"}
{"error":"Failed to parse URL from /pipeline","level":"error","message":"[OBSERVABILITY] Failed to collect system metrics","timestamp":"2025-07-23 20:26:06:266"}
{"error":"Failed to parse URL from /pipeline","level":"error","message":"[OBSERVABILITY] Failed to collect system metrics","timestamp":"2025-07-23 20:26:16:2616"}
{"error":"Failed to parse URL from /pipeline","level":"error","message":"[OBSERVABILITY] Failed to collect system metrics","timestamp":"2025-07-23 20:26:26:2626"}
{"error":"Failed to parse URL from /pipeline","level":"error","message":"[OBSERVABILITY] Failed to collect system metrics","timestamp":"2025-07-23 20:26:36:2636"}
{"error":"Failed to parse URL from /pipeline","level":"error","message":"[OBSERVABILITY] Failed to collect system metrics","timestamp":"2025-07-23 20:26:46:2646"}
{"error":"Failed to parse URL from /pipeline","level":"error","message":"[OBSERVABILITY] Failed to collect system metrics","timestamp":"2025-07-23 20:26:56:2656"}
{"error":"Failed to parse URL from /pipeline","eventId":"1753316819802-8jbdb25wp","level":"error","message":"[OBSERVABILITY] Failed to store event in Redis","timestamp":"2025-07-23 20:27:04:274"}
{"error":"Failed to parse URL from /pipeline","level":"error","message":"[OBSERVABILITY] Failed to collect system metrics","timestamp":"2025-07-23 20:27:06:276"}
{"error":"Failed to parse URL from /pipeline","eventId":"1753316824129-muh0beck4","level":"error","message":"[OBSERVABILITY] Failed to store event in Redis","timestamp":"2025-07-23 20:27:08:278"}
{"error":"Failed to parse URL from /pipeline","eventId":"1753316824131-nch2e0cy9","level":"error","message":"[OBSERVABILITY] Failed to store event in Redis","timestamp":"2025-07-23 20:27:08:278"}
{"error":"Failed to parse URL from /pipeline","eventId":"1753316824132-5j0q52l8a","level":"error","message":"[OBSERVABILITY] Failed to store event in Redis","timestamp":"2025-07-23 20:27:08:278"}
{"error":"Failed to parse URL from /pipeline","eventId":"1753316824133-6hnsaa3kd","level":"error","message":"[OBSERVABILITY] Failed to store event in Redis","timestamp":"2025-07-23 20:27:08:278"}
{"error":"Failed to parse URL from /pipeline","eventId":"1753316824134-xcw5ramvg","level":"error","message":"[OBSERVABILITY] Failed to store event in Redis","timestamp":"2025-07-23 20:27:08:278"}
{"error":"Failed to parse URL from /pipeline","eventId":"1753316824135-aiyeu6cwg","level":"error","message":"[OBSERVABILITY] Failed to store event in Redis","timestamp":"2025-07-23 20:27:08:278"}
{"error":"Failed to parse URL from /pipeline","eventId":"1753316824136-wrvyxr4w2","level":"error","message":"[OBSERVABILITY] Failed to store event in Redis","timestamp":"2025-07-23 20:27:08:278"}
{"error":"Failed to parse URL from /pipeline","eventId":"1753316824138-4fhrvt6ho","level":"error","message":"[OBSERVABILITY] Failed to store event in Redis","timestamp":"2025-07-23 20:27:08:278"}
{"error":"Failed to parse URL from /pipeline","eventId":"1753316824138-kxfosmo08","level":"error","message":"[OBSERVABILITY] Failed to store event in Redis","timestamp":"2025-07-23 20:27:08:278"}
{"error":"Failed to parse URL from /pipeline","eventId":"1753316824138-km8okpfjz","level":"error","message":"[OBSERVABILITY] Failed to store event in Redis","timestamp":"2025-07-23 20:27:08:278"}
{"error":"Failed to parse URL from /pipeline","level":"error","message":"[OBSERVABILITY] Failed to collect system metrics","timestamp":"2025-07-23 20:27:14:2714"}
{"error":"Failed to parse URL from /pipeline","level":"error","message":"[OBSERVABILITY] Failed to collect system metrics","timestamp":"2025-07-23 20:27:16:2716"}
{"error":"Failed to parse URL from /pipeline","level":"error","message":"[OBSERVABILITY] Failed to collect system metrics","timestamp":"2025-07-23 20:27:24:2724"}
{"error":"Failed to parse URL from /pipeline","level":"error","message":"[OBSERVABILITY] Failed to collect system metrics","timestamp":"2025-07-23 20:27:26:2726"}
{"error":"Failed to parse URL from /pipeline","level":"error","message":"[OBSERVABILITY] Failed to collect system metrics","timestamp":"2025-07-23 20:27:34:2734"}
{"error":"Failed to parse URL from /pipeline","level":"error","message":"[OBSERVABILITY] Failed to collect system metrics","timestamp":"2025-07-23 20:27:36:2736"}
{"error":"Failed to parse URL from /pipeline","level":"error","message":"[OBSERVABILITY] Failed to collect system metrics","timestamp":"2025-07-23 20:27:44:2744"}
{"error":"Failed to parse URL from /pipeline","level":"error","message":"[OBSERVABILITY] Failed to collect system metrics","timestamp":"2025-07-23 20:27:46:2746"}
{"error":"Failed to parse URL from /pipeline","level":"error","message":"[OBSERVABILITY] Failed to collect system metrics","timestamp":"2025-07-23 20:27:54:2754"}
{"error":"Failed to parse URL from /pipeline","level":"error","message":"[OBSERVABILITY] Failed to collect system metrics","timestamp":"2025-07-23 20:27:56:2756"}
{"error":"Failed to parse URL from /pipeline","level":"error","message":"[OBSERVABILITY] Failed to collect system metrics","timestamp":"2025-07-23 20:28:04:284"}
{"error":"Failed to parse URL from /pipeline","level":"error","message":"[OBSERVABILITY] Failed to collect system metrics","timestamp":"2025-07-23 20:28:06:286"}
{"error":"Failed to parse URL from /pipeline","eventId":"1753316884132-46no1i59f","level":"error","message":"[OBSERVABILITY] Failed to store event in Redis","timestamp":"2025-07-23 20:28:08:288"}
{"error":"Failed to parse URL from /pipeline","eventId":"1753316884132-vcznxuxup","level":"error","message":"[OBSERVABILITY] Failed to store event in Redis","timestamp":"2025-07-23 20:28:08:288"}
{"error":"Failed to parse URL from /pipeline","eventId":"1753316884133-a9k3auuh1","level":"error","message":"[OBSERVABILITY] Failed to store event in Redis","timestamp":"2025-07-23 20:28:08:288"}
{"error":"Failed to parse URL from /pipeline","eventId":"1753316884135-5y0mdstl5","level":"error","message":"[OBSERVABILITY] Failed to store event in Redis","timestamp":"2025-07-23 20:28:08:288"}
{"error":"Failed to parse URL from /pipeline","eventId":"1753316884135-ce9d5ne0e","level":"error","message":"[OBSERVABILITY] Failed to store event in Redis","timestamp":"2025-07-23 20:28:08:288"}
{"error":"Failed to parse URL from /pipeline","level":"error","message":"[OBSERVABILITY] Failed to collect system metrics","timestamp":"2025-07-23 20:28:14:2814"}
{"error":"Failed to parse URL from /pipeline","level":"error","message":"[OBSERVABILITY] Failed to collect system metrics","timestamp":"2025-07-23 20:28:16:2816"}
{"error":"Failed to parse URL from /pipeline","level":"error","message":"[OBSERVABILITY] Failed to collect system metrics","timestamp":"2025-07-23 20:28:24:2824"}
{"error":"Failed to parse URL from /pipeline","level":"error","message":"[OBSERVABILITY] Failed to collect system metrics","timestamp":"2025-07-23 20:28:26:2826"}
{"error":"Failed to parse URL from /pipeline","level":"error","message":"[OBSERVABILITY] Failed to collect system metrics","timestamp":"2025-07-23 20:28:34:2834"}
{"error":"Failed to parse URL from /pipeline","level":"error","message":"[OBSERVABILITY] Failed to collect system metrics","timestamp":"2025-07-23 20:28:36:2836"}
{"error":"Failed to parse URL from /pipeline","level":"error","message":"[OBSERVABILITY] Failed to collect system metrics","timestamp":"2025-07-23 20:28:44:2844"}
{"error":"Failed to parse URL from /pipeline","level":"error","message":"[OBSERVABILITY] Failed to collect system metrics","timestamp":"2025-07-23 20:28:46:2846"}
{"error":"Failed to parse URL from /pipeline","level":"error","message":"[OBSERVABILITY] Failed to collect system metrics","timestamp":"2025-07-23 20:28:54:2854"}
{"error":"Failed to parse URL from /pipeline","level":"error","message":"[OBSERVABILITY] Failed to collect system metrics","timestamp":"2025-07-23 20:28:56:2856"}
{"error":"Failed to parse URL from /pipeline","level":"error","message":"[OBSERVABILITY] Failed to collect system metrics","timestamp":"2025-07-23 20:29:04:294"}
{"error":"Failed to parse URL from /pipeline","level":"error","message":"[OBSERVABILITY] Failed to collect system metrics","timestamp":"2025-07-23 20:29:06:296"}
{"error":"Failed to parse URL from /pipeline","level":"error","message":"[OBSERVABILITY] Failed to collect system metrics","timestamp":"2025-07-23 20:29:14:2914"}
{"error":"Failed to parse URL from /pipeline","level":"error","message":"[OBSERVABILITY] Failed to collect system metrics","timestamp":"2025-07-23 20:29:16:2916"}
{"error":"Failed to parse URL from /pipeline","level":"error","message":"[OBSERVABILITY] Failed to collect system metrics","timestamp":"2025-07-23 20:29:24:2924"}
{"error":"Failed to parse URL from /pipeline","level":"error","message":"[OBSERVABILITY] Failed to collect system metrics","timestamp":"2025-07-23 20:29:26:2926"}
{"error":"Failed to parse URL from /pipeline","level":"error","message":"[OBSERVABILITY] Failed to collect system metrics","timestamp":"2025-07-23 20:29:34:2934"}
{"error":"Failed to parse URL from /pipeline","level":"error","message":"[OBSERVABILITY] Failed to collect system metrics","timestamp":"2025-07-23 20:29:36:2936"}
{"error":"Failed to parse URL from /pipeline","level":"error","message":"[OBSERVABILITY] Failed to collect system metrics","timestamp":"2025-07-23 20:29:44:2944"}
{"error":"Failed to parse URL from /pipeline","level":"error","message":"[OBSERVABILITY] Failed to collect system metrics","timestamp":"2025-07-23 20:29:46:2946"}
{"error":"Failed to parse URL from /pipeline","level":"error","message":"[OBSERVABILITY] Failed to collect system metrics","timestamp":"2025-07-23 20:29:54:2954"}
{"error":"Failed to parse URL from /pipeline","level":"error","message":"[OBSERVABILITY] Failed to collect system metrics","timestamp":"2025-07-23 20:29:56:2956"}
{"error":"Failed to parse URL from /pipeline","level":"error","message":"[OBSERVABILITY] Failed to collect system metrics","timestamp":"2025-07-23 20:30:04:304"}
{"error":"Failed to parse URL from /pipeline","level":"error","message":"[OBSERVABILITY] Failed to collect system metrics","timestamp":"2025-07-23 20:30:06:306"}
{"error":"Failed to parse URL from /pipeline","level":"error","message":"[OBSERVABILITY] Failed to collect system metrics","timestamp":"2025-07-23 20:30:14:3014"}
{"error":"Failed to parse URL from /pipeline","level":"error","message":"[OBSERVABILITY] Failed to collect system metrics","timestamp":"2025-07-23 20:30:16:3016"}
{"error":"Failed to parse URL from /pipeline","level":"error","message":"[OBSERVABILITY] Failed to collect system metrics","timestamp":"2025-07-23 20:30:24:3024"}
{"error":"Failed to parse URL from /pipeline","level":"error","message":"[OBSERVABILITY] Failed to collect system metrics","timestamp":"2025-07-23 20:30:26:3026"}
{"error":"Failed to parse URL from /pipeline","level":"error","message":"[OBSERVABILITY] Failed to collect system metrics","timestamp":"2025-07-23 20:30:34:3034"}
{"error":"Failed to parse URL from /pipeline","level":"error","message":"[OBSERVABILITY] Failed to collect system metrics","timestamp":"2025-07-23 20:30:37:3037"}
{"error":"Failed to parse URL from /pipeline","level":"error","message":"[OBSERVABILITY] Failed to collect system metrics","timestamp":"2025-07-23 20:30:44:3044"}
{"error":"Failed to parse URL from /pipeline","level":"error","message":"[OBSERVABILITY] Failed to collect system metrics","timestamp":"2025-07-23 20:30:47:3047"}
{"error":"Failed to parse URL from /pipeline","level":"error","message":"[OBSERVABILITY] Failed to collect system metrics","timestamp":"2025-07-23 20:30:54:3054"}
{"error":"Failed to parse URL from /pipeline","level":"error","message":"[OBSERVABILITY] Failed to collect system metrics","timestamp":"2025-07-23 20:30:57:3057"}
{"error":"Failed to parse URL from /pipeline","level":"error","message":"[OBSERVABILITY] Failed to collect system metrics","timestamp":"2025-07-23 20:31:04:314"}
{"error":"Failed to parse URL from /pipeline","level":"error","message":"[OBSERVABILITY] Failed to collect system metrics","timestamp":"2025-07-23 20:31:07:317"}
{"error":"Failed to parse URL from /pipeline","level":"error","message":"[OBSERVABILITY] Failed to collect system metrics","timestamp":"2025-07-23 20:31:14:3114"}
{"error":"Failed to parse URL from /pipeline","level":"error","message":"[OBSERVABILITY] Failed to collect system metrics","timestamp":"2025-07-23 20:31:17:3117"}
{"error":"Failed to parse URL from /pipeline","level":"error","message":"[OBSERVABILITY] Failed to collect system metrics","timestamp":"2025-07-23 20:31:24:3124"}
{"error":"Failed to parse URL from /pipeline","level":"error","message":"[OBSERVABILITY] Failed to collect system metrics","timestamp":"2025-07-23 20:31:27:3127"}
{"error":"Failed to parse URL from /pipeline","level":"error","message":"[OBSERVABILITY] Failed to collect system metrics","timestamp":"2025-07-23 20:31:34:3134"}
{"error":"Failed to parse URL from /pipeline","level":"error","message":"[OBSERVABILITY] Failed to collect system metrics","timestamp":"2025-07-23 20:31:37:3137"}
{"error":"Failed to parse URL from /pipeline","level":"error","message":"[OBSERVABILITY] Failed to collect system metrics","timestamp":"2025-07-23 20:31:44:3144"}
{"error":"Failed to parse URL from /pipeline","level":"error","message":"[OBSERVABILITY] Failed to collect system metrics","timestamp":"2025-07-23 20:31:47:3147"}
{"error":"Failed to parse URL from /pipeline","level":"error","message":"[OBSERVABILITY] Failed to collect system metrics","timestamp":"2025-07-23 20:31:54:3154"}
{"error":"Failed to parse URL from /pipeline","level":"error","message":"[OBSERVABILITY] Failed to collect system metrics","timestamp":"2025-07-23 20:31:57:3157"}
{"error":"Failed to parse URL from /pipeline","level":"error","message":"[OBSERVABILITY] Failed to collect system metrics","timestamp":"2025-07-23 20:32:04:324"}
{"error":"Failed to parse URL from /pipeline","level":"error","message":"[OBSERVABILITY] Failed to collect system metrics","timestamp":"2025-07-23 20:32:07:327"}
{"error":"Failed to parse URL from /pipeline","level":"error","message":"[OBSERVABILITY] Failed to collect system metrics","timestamp":"2025-07-23 20:32:14:3214"}
{"error":"Failed to parse URL from /pipeline","level":"error","message":"[OBSERVABILITY] Failed to collect system metrics","timestamp":"2025-07-23 20:32:17:3217"}
{"error":"Failed to parse URL from /pipeline","level":"error","message":"[OBSERVABILITY] Failed to collect system metrics","timestamp":"2025-07-23 20:32:24:3224"}
{"error":"Failed to parse URL from /pipeline","level":"error","message":"[OBSERVABILITY] Failed to collect system metrics","timestamp":"2025-07-23 20:32:27:3227"}
{"error":"Failed to parse URL from /pipeline","level":"error","message":"[OBSERVABILITY] Failed to collect system metrics","timestamp":"2025-07-23 20:32:34:3234"}
{"error":"Failed to parse URL from /pipeline","level":"error","message":"[OBSERVABILITY] Failed to collect system metrics","timestamp":"2025-07-23 20:32:37:3237"}
{"error":"Failed to parse URL from /pipeline","level":"error","message":"[OBSERVABILITY] Failed to collect system metrics","timestamp":"2025-07-23 20:32:44:3244"}
{"error":"Failed to parse URL from /pipeline","level":"error","message":"[OBSERVABILITY] Failed to collect system metrics","timestamp":"2025-07-23 20:32:47:3247"}
{"error":"Failed to parse URL from /pipeline","level":"error","message":"[OBSERVABILITY] Failed to collect system metrics","timestamp":"2025-07-23 20:32:54:3254"}
{"error":"Failed to parse URL from /pipeline","level":"error","message":"[OBSERVABILITY] Failed to collect system metrics","timestamp":"2025-07-23 20:32:57:3257"}
{"error":"Failed to parse URL from /pipeline","level":"error","message":"[OBSERVABILITY] Failed to collect system metrics","timestamp":"2025-07-23 20:33:04:334"}
{"error":"Failed to parse URL from /pipeline","level":"error","message":"[OBSERVABILITY] Failed to collect system metrics","timestamp":"2025-07-23 20:33:07:337"}
{"error":"Failed to parse URL from /pipeline","level":"error","message":"[OBSERVABILITY] Failed to collect system metrics","timestamp":"2025-07-23 20:33:14:3314"}
{"error":"Failed to parse URL from /pipeline","level":"error","message":"[OBSERVABILITY] Failed to collect system metrics","timestamp":"2025-07-23 20:33:17:3317"}
{"error":"Failed to parse URL from /pipeline","level":"error","message":"[OBSERVABILITY] Failed to collect system metrics","timestamp":"2025-07-23 20:33:24:3324"}
{"error":"Failed to parse URL from /pipeline","level":"error","message":"[OBSERVABILITY] Failed to collect system metrics","timestamp":"2025-07-23 20:33:27:3327"}
{"error":"Failed to parse URL from /pipeline","level":"error","message":"[OBSERVABILITY] Failed to collect system metrics","timestamp":"2025-07-23 20:33:34:3334"}
{"error":"Failed to parse URL from /pipeline","level":"error","message":"[OBSERVABILITY] Failed to collect system metrics","timestamp":"2025-07-23 20:33:37:3337"}
{"error":"Failed to parse URL from /pipeline","level":"error","message":"[OBSERVABILITY] Failed to collect system metrics","timestamp":"2025-07-23 20:33:44:3344"}
{"error":"Failed to parse URL from /pipeline","level":"error","message":"[OBSERVABILITY] Failed to collect system metrics","timestamp":"2025-07-23 20:33:47:3347"}
{"error":"Failed to parse URL from /pipeline","level":"error","message":"[OBSERVABILITY] Failed to collect system metrics","timestamp":"2025-07-23 20:33:54:3354"}
{"error":"Failed to parse URL from /pipeline","level":"error","message":"[OBSERVABILITY] Failed to collect system metrics","timestamp":"2025-07-23 20:33:57:3357"}
{"error":"Failed to parse URL from /pipeline","level":"error","message":"[OBSERVABILITY] Failed to collect system metrics","timestamp":"2025-07-23 20:34:04:344"}
{"error":"Failed to parse URL from /pipeline","level":"error","message":"[OBSERVABILITY] Failed to collect system metrics","timestamp":"2025-07-23 20:34:07:347"}
{"error":"Failed to parse URL from /pipeline","level":"error","message":"[OBSERVABILITY] Failed to collect system metrics","timestamp":"2025-07-23 20:34:14:3414"}
{"error":"Failed to parse URL from /pipeline","level":"error","message":"[OBSERVABILITY] Failed to collect system metrics","timestamp":"2025-07-23 20:34:17:3417"}
{"error":"Failed to parse URL from /pipeline","level":"error","message":"[OBSERVABILITY] Failed to collect system metrics","timestamp":"2025-07-23 20:34:24:3424"}
{"error":"Failed to parse URL from /pipeline","level":"error","message":"[OBSERVABILITY] Failed to collect system metrics","timestamp":"2025-07-23 20:34:27:3427"}
{"error":"Failed to parse URL from /pipeline","level":"error","message":"[OBSERVABILITY] Failed to collect system metrics","timestamp":"2025-07-23 20:34:34:3434"}
{"error":"Failed to parse URL from /pipeline","level":"error","message":"[OBSERVABILITY] Failed to collect system metrics","timestamp":"2025-07-23 20:34:37:3437"}
{"error":"Failed to parse URL from /pipeline","level":"error","message":"[OBSERVABILITY] Failed to collect system metrics","timestamp":"2025-07-23 20:34:44:3444"}
{"error":"Failed to parse URL from /pipeline","level":"error","message":"[OBSERVABILITY] Failed to collect system metrics","timestamp":"2025-07-23 20:34:47:3447"}
{"error":"Failed to parse URL from /pipeline","level":"error","message":"[OBSERVABILITY] Failed to collect system metrics","timestamp":"2025-07-23 20:34:54:3454"}
{"error":"Failed to parse URL from /pipeline","level":"error","message":"[OBSERVABILITY] Failed to collect system metrics","timestamp":"2025-07-23 20:34:57:3457"}
{"error":"Failed to parse URL from /pipeline","level":"error","message":"[OBSERVABILITY] Failed to collect system metrics","timestamp":"2025-07-23 20:35:04:354"}
{"error":"Failed to parse URL from /pipeline","level":"error","message":"[OBSERVABILITY] Failed to collect system metrics","timestamp":"2025-07-23 20:35:07:357"}
{"error":"Failed to parse URL from /pipeline","level":"error","message":"[OBSERVABILITY] Failed to collect system metrics","timestamp":"2025-07-23 20:35:14:3514"}
{"error":"Failed to parse URL from /pipeline","level":"error","message":"[OBSERVABILITY] Failed to collect system metrics","timestamp":"2025-07-23 20:35:17:3517"}
{"error":"Failed to parse URL from /pipeline","level":"error","message":"[OBSERVABILITY] Failed to collect system metrics","timestamp":"2025-07-23 20:35:24:3524"}
{"error":"Failed to parse URL from /pipeline","level":"error","message":"[OBSERVABILITY] Failed to collect system metrics","timestamp":"2025-07-23 20:35:27:3527"}
{"error":"Failed to parse URL from /pipeline","level":"error","message":"[OBSERVABILITY] Failed to collect system metrics","timestamp":"2025-07-23 20:35:34:3534"}
{"error":"Failed to parse URL from /pipeline","level":"error","message":"[OBSERVABILITY] Failed to collect system metrics","timestamp":"2025-07-23 20:35:37:3537"}
{"error":"Failed to parse URL from /pipeline","level":"error","message":"[OBSERVABILITY] Failed to collect system metrics","timestamp":"2025-07-23 20:35:44:3544"}
{"error":"Failed to parse URL from /pipeline","level":"error","message":"[OBSERVABILITY] Failed to collect system metrics","timestamp":"2025-07-23 20:35:47:3547"}
{"error":"Failed to parse URL from /pipeline","level":"error","message":"[OBSERVABILITY] Failed to collect system metrics","timestamp":"2025-07-23 20:35:54:3554"}
{"error":"Failed to parse URL from /pipeline","level":"error","message":"[OBSERVABILITY] Failed to collect system metrics","timestamp":"2025-07-23 20:35:57:3557"}
{"error":"Failed to parse URL from /pipeline","level":"error","message":"[OBSERVABILITY] Failed to collect system metrics","timestamp":"2025-07-23 20:36:04:364"}
{"error":"Failed to parse URL from /pipeline","level":"error","message":"[OBSERVABILITY] Failed to collect system metrics","timestamp":"2025-07-23 20:36:07:367"}
{"error":"Failed to parse URL from /pipeline","level":"error","message":"[OBSERVABILITY] Failed to collect system metrics","timestamp":"2025-07-23 20:36:14:3614"}
{"error":"Failed to parse URL from /pipeline","level":"error","message":"[OBSERVABILITY] Failed to collect system metrics","timestamp":"2025-07-23 20:36:17:3617"}
{"error":"Failed to parse URL from /pipeline","level":"error","message":"[OBSERVABILITY] Failed to collect system metrics","timestamp":"2025-07-23 20:36:24:3624"}
{"error":"Failed to parse URL from /pipeline","level":"error","message":"[OBSERVABILITY] Failed to collect system metrics","timestamp":"2025-07-23 20:36:27:3627"}
{"error":"Failed to parse URL from /pipeline","level":"error","message":"[OBSERVABILITY] Failed to collect system metrics","timestamp":"2025-07-23 20:36:34:3634"}
{"error":"Failed to parse URL from /pipeline","level":"error","message":"[OBSERVABILITY] Failed to collect system metrics","timestamp":"2025-07-23 20:36:37:3637"}
{"error":"Failed to parse URL from /pipeline","level":"error","message":"[OBSERVABILITY] Failed to collect system metrics","timestamp":"2025-07-23 20:36:44:3644"}
{"error":"Failed to parse URL from /pipeline","level":"error","message":"[OBSERVABILITY] Failed to collect system metrics","timestamp":"2025-07-23 20:36:47:3647"}
{"error":"Failed to parse URL from /pipeline","level":"error","message":"[OBSERVABILITY] Failed to collect system metrics","timestamp":"2025-07-23 20:36:54:3654"}
{"error":"Failed to parse URL from /pipeline","level":"error","message":"[OBSERVABILITY] Failed to collect system metrics","timestamp":"2025-07-23 20:36:57:3657"}
{"error":"Failed to parse URL from /pipeline","level":"error","message":"[OBSERVABILITY] Failed to collect system metrics","timestamp":"2025-07-23 20:37:04:374"}
{"error":"Failed to parse URL from /pipeline","level":"error","message":"[OBSERVABILITY] Failed to collect system metrics","timestamp":"2025-07-23 20:37:07:377"}
{"error":"Failed to parse URL from /pipeline","level":"error","message":"[OBSERVABILITY] Failed to collect system metrics","timestamp":"2025-07-23 20:37:14:3714"}
{"error":"Failed to parse URL from /pipeline","level":"error","message":"[OBSERVABILITY] Failed to collect system metrics","timestamp":"2025-07-23 20:37:17:3717"}
{"error":"Failed to parse URL from /pipeline","level":"error","message":"[OBSERVABILITY] Failed to collect system metrics","timestamp":"2025-07-23 20:37:24:3724"}
{"error":"Failed to parse URL from /pipeline","level":"error","message":"[OBSERVABILITY] Failed to collect system metrics","timestamp":"2025-07-23 20:37:27:3727"}
{"error":"Failed to parse URL from /pipeline","level":"error","message":"[OBSERVABILITY] Failed to collect system metrics","timestamp":"2025-07-23 20:37:34:3734"}
{"error":"Failed to parse URL from /pipeline","level":"error","message":"[OBSERVABILITY] Failed to collect system metrics","timestamp":"2025-07-23 20:37:37:3737"}
{"error":"Failed to parse URL from /pipeline","level":"error","message":"[OBSERVABILITY] Failed to collect system metrics","timestamp":"2025-07-23 20:37:44:3744"}
{"error":"Failed to parse URL from /pipeline","level":"error","message":"[OBSERVABILITY] Failed to collect system metrics","timestamp":"2025-07-23 20:37:47:3747"}
{"error":"Failed to parse URL from /pipeline","level":"error","message":"[OBSERVABILITY] Failed to collect system metrics","timestamp":"2025-07-23 20:37:54:3754"}
{"error":"Failed to parse URL from /pipeline","level":"error","message":"[OBSERVABILITY] Failed to collect system metrics","timestamp":"2025-07-23 20:37:57:3757"}
{"error":"Failed to parse URL from /pipeline","level":"error","message":"[OBSERVABILITY] Failed to collect system metrics","timestamp":"2025-07-23 20:38:04:384"}
{"error":"Failed to parse URL from /pipeline","level":"error","message":"[OBSERVABILITY] Failed to collect system metrics","timestamp":"2025-07-23 20:38:07:387"}
{"error":"Failed to parse URL from /pipeline","level":"error","message":"[OBSERVABILITY] Failed to collect system metrics","timestamp":"2025-07-23 20:38:14:3814"}
{"error":"Failed to parse URL from /pipeline","level":"error","message":"[OBSERVABILITY] Failed to collect system metrics","timestamp":"2025-07-23 20:38:17:3817"}
{"error":"Failed to parse URL from /pipeline","level":"error","message":"[OBSERVABILITY] Failed to collect system metrics","timestamp":"2025-07-23 20:38:24:3824"}
{"error":"Failed to parse URL from /pipeline","level":"error","message":"[OBSERVABILITY] Failed to collect system metrics","timestamp":"2025-07-23 20:38:27:3827"}
{"error":"Failed to parse URL from /pipeline","level":"error","message":"[OBSERVABILITY] Failed to collect system metrics","timestamp":"2025-07-23 20:38:34:3834"}
{"error":"Failed to parse URL from /pipeline","level":"error","message":"[OBSERVABILITY] Failed to collect system metrics","timestamp":"2025-07-23 20:38:37:3837"}
{"error":"Failed to parse URL from /pipeline","level":"error","message":"[OBSERVABILITY] Failed to collect system metrics","timestamp":"2025-07-23 20:38:44:3844"}
{"error":"Failed to parse URL from /pipeline","level":"error","message":"[OBSERVABILITY] Failed to collect system metrics","timestamp":"2025-07-23 20:38:47:3847"}
{"error":"Failed to parse URL from /pipeline","level":"error","message":"[OBSERVABILITY] Failed to collect system metrics","timestamp":"2025-07-23 20:38:54:3854"}
{"error":"Failed to parse URL from /pipeline","level":"error","message":"[OBSERVABILITY] Failed to collect system metrics","timestamp":"2025-07-23 20:38:57:3857"}
{"error":"Failed to parse URL from /pipeline","level":"error","message":"[OBSERVABILITY] Failed to collect system metrics","timestamp":"2025-07-23 20:39:04:394"}
{"error":"Failed to parse URL from /pipeline","level":"error","message":"[OBSERVABILITY] Failed to collect system metrics","timestamp":"2025-07-23 20:39:07:397"}
{"error":"Failed to parse URL from /pipeline","level":"error","message":"[OBSERVABILITY] Failed to collect system metrics","timestamp":"2025-07-23 20:39:14:3914"}
{"error":"Failed to parse URL from /pipeline","level":"error","message":"[OBSERVABILITY] Failed to collect system metrics","timestamp":"2025-07-23 20:39:17:3917"}
{"error":"Failed to parse URL from /pipeline","level":"error","message":"[OBSERVABILITY] Failed to collect system metrics","timestamp":"2025-07-23 20:39:24:3924"}
{"error":"Failed to parse URL from /pipeline","level":"error","message":"[OBSERVABILITY] Failed to collect system metrics","timestamp":"2025-07-23 20:39:27:3927"}
{"error":"Failed to parse URL from /pipeline","level":"error","message":"[OBSERVABILITY] Failed to collect system metrics","timestamp":"2025-07-23 20:39:34:3934"}
{"error":"Failed to parse URL from /pipeline","level":"error","message":"[OBSERVABILITY] Failed to collect system metrics","timestamp":"2025-07-23 20:39:37:3937"}
{"error":"Failed to parse URL from /pipeline","level":"error","message":"[OBSERVABILITY] Failed to collect system metrics","timestamp":"2025-07-23 20:39:44:3944"}
{"error":"Failed to parse URL from /pipeline","level":"error","message":"[OBSERVABILITY] Failed to collect system metrics","timestamp":"2025-07-23 20:39:47:3947"}
{"error":"Failed to parse URL from /pipeline","level":"error","message":"[OBSERVABILITY] Failed to collect system metrics","timestamp":"2025-07-23 20:39:54:3954"}
{"error":"Failed to parse URL from /pipeline","level":"error","message":"[OBSERVABILITY] Failed to collect system metrics","timestamp":"2025-07-23 20:39:57:3957"}
{"error":"Failed to parse URL from /pipeline","level":"error","message":"[OBSERVABILITY] Failed to collect system metrics","timestamp":"2025-07-23 20:40:04:404"}
{"error":"Failed to parse URL from /pipeline","level":"error","message":"[OBSERVABILITY] Failed to collect system metrics","timestamp":"2025-07-23 20:40:07:407"}
{"error":"Failed to parse URL from /pipeline","level":"error","message":"[OBSERVABILITY] Failed to collect system metrics","timestamp":"2025-07-23 20:40:14:4014"}
{"error":"Failed to parse URL from /pipeline","level":"error","message":"[OBSERVABILITY] Failed to collect system metrics","timestamp":"2025-07-23 20:40:17:4017"}
{"error":"Failed to parse URL from /pipeline","level":"error","message":"[OBSERVABILITY] Failed to collect system metrics","timestamp":"2025-07-23 20:40:24:4024"}
{"error":"Failed to parse URL from /pipeline","level":"error","message":"[OBSERVABILITY] Failed to collect system metrics","timestamp":"2025-07-23 20:40:27:4027"}
{"error":"Failed to parse URL from /pipeline","level":"error","message":"[OBSERVABILITY] Failed to collect system metrics","timestamp":"2025-07-23 20:40:34:4034"}
{"error":"Failed to parse URL from /pipeline","level":"error","message":"[OBSERVABILITY] Failed to collect system metrics","timestamp":"2025-07-23 20:40:37:4037"}
{"error":"Failed to parse URL from /pipeline","level":"error","message":"[OBSERVABILITY] Failed to collect system metrics","timestamp":"2025-07-23 20:40:44:4044"}
{"error":"Failed to parse URL from /pipeline","level":"error","message":"[OBSERVABILITY] Failed to collect system metrics","timestamp":"2025-07-23 20:40:47:4047"}
{"error":"Failed to parse URL from /pipeline","level":"error","message":"[OBSERVABILITY] Failed to collect system metrics","timestamp":"2025-07-23 20:40:54:4054"}
{"error":"Failed to parse URL from /pipeline","level":"error","message":"[OBSERVABILITY] Failed to collect system metrics","timestamp":"2025-07-23 20:40:57:4057"}
{"error":"Failed to parse URL from /pipeline","level":"error","message":"[OBSERVABILITY] Failed to collect system metrics","timestamp":"2025-07-23 20:41:04:414"}
{"error":"Failed to parse URL from /pipeline","level":"error","message":"[OBSERVABILITY] Failed to collect system metrics","timestamp":"2025-07-23 20:41:07:417"}
{"error":"Failed to parse URL from /pipeline","level":"error","message":"[OBSERVABILITY] Failed to collect system metrics","timestamp":"2025-07-23 20:41:14:4114"}
{"error":"Failed to parse URL from /pipeline","level":"error","message":"[OBSERVABILITY] Failed to collect system metrics","timestamp":"2025-07-23 20:41:17:4117"}
{"error":"Failed to parse URL from /pipeline","level":"error","message":"[OBSERVABILITY] Failed to collect system metrics","timestamp":"2025-07-23 20:41:24:4124"}
{"error":"Failed to parse URL from /pipeline","level":"error","message":"[OBSERVABILITY] Failed to collect system metrics","timestamp":"2025-07-23 20:41:27:4127"}
{"error":"Failed to parse URL from /pipeline","level":"error","message":"[OBSERVABILITY] Failed to collect system metrics","timestamp":"2025-07-23 20:41:34:4134"}
{"error":"Failed to parse URL from /pipeline","level":"error","message":"[OBSERVABILITY] Failed to collect system metrics","timestamp":"2025-07-23 20:41:37:4137"}
{"error":"Failed to parse URL from /pipeline","level":"error","message":"[OBSERVABILITY] Failed to collect system metrics","timestamp":"2025-07-23 20:41:44:4144"}
{"error":"Failed to parse URL from /pipeline","level":"error","message":"[OBSERVABILITY] Failed to collect system metrics","timestamp":"2025-07-23 20:41:47:4147"}
{"error":"Failed to parse URL from /pipeline","level":"error","message":"[OBSERVABILITY] Failed to collect system metrics","timestamp":"2025-07-23 20:41:54:4154"}
{"error":"Failed to parse URL from /pipeline","level":"error","message":"[OBSERVABILITY] Failed to collect system metrics","timestamp":"2025-07-23 20:41:57:4157"}
{"error":"Failed to parse URL from /pipeline","level":"error","message":"[OBSERVABILITY] Failed to collect system metrics","timestamp":"2025-07-23 20:42:04:424"}
{"error":"Failed to parse URL from /pipeline","level":"error","message":"[OBSERVABILITY] Failed to collect system metrics","timestamp":"2025-07-23 20:42:07:427"}
{"error":"Failed to parse URL from /pipeline","level":"error","message":"[OBSERVABILITY] Failed to collect system metrics","timestamp":"2025-07-23 20:42:14:4214"}
{"error":"Failed to parse URL from /pipeline","level":"error","message":"[OBSERVABILITY] Failed to collect system metrics","timestamp":"2025-07-23 20:42:17:4217"}
{"error":"Failed to parse URL from /pipeline","level":"error","message":"[OBSERVABILITY] Failed to collect system metrics","timestamp":"2025-07-23 20:42:24:4224"}
{"error":"Failed to parse URL from /pipeline","level":"error","message":"[OBSERVABILITY] Failed to collect system metrics","timestamp":"2025-07-23 20:42:27:4227"}
{"error":"Failed to parse URL from /pipeline","level":"error","message":"[OBSERVABILITY] Failed to collect system metrics","timestamp":"2025-07-23 20:42:34:4234"}
{"error":"Failed to parse URL from /pipeline","level":"error","message":"[OBSERVABILITY] Failed to collect system metrics","timestamp":"2025-07-23 20:42:37:4237"}
{"error":"Failed to parse URL from /pipeline","level":"error","message":"[OBSERVABILITY] Failed to collect system metrics","timestamp":"2025-07-23 20:42:44:4244"}
{"error":"Failed to parse URL from /pipeline","level":"error","message":"[OBSERVABILITY] Failed to collect system metrics","timestamp":"2025-07-23 20:42:47:4247"}
{"error":"Failed to parse URL from /pipeline","level":"error","message":"[OBSERVABILITY] Failed to collect system metrics","timestamp":"2025-07-23 20:42:54:4254"}
{"error":"Failed to parse URL from /pipeline","level":"error","message":"[OBSERVABILITY] Failed to collect system metrics","timestamp":"2025-07-23 20:42:57:4257"}
{"error":"Failed to parse URL from /pipeline","level":"error","message":"[OBSERVABILITY] Failed to collect system metrics","timestamp":"2025-07-23 20:43:04:434"}
{"error":"Failed to parse URL from /pipeline","level":"error","message":"[OBSERVABILITY] Failed to collect system metrics","timestamp":"2025-07-23 20:43:07:437"}
{"error":"Failed to parse URL from /pipeline","level":"error","message":"[OBSERVABILITY] Failed to collect system metrics","timestamp":"2025-07-23 20:43:14:4314"}
{"error":"Failed to parse URL from /pipeline","level":"error","message":"[OBSERVABILITY] Failed to collect system metrics","timestamp":"2025-07-23 20:43:17:4317"}
{"error":"Failed to parse URL from /pipeline","level":"error","message":"[OBSERVABILITY] Failed to collect system metrics","timestamp":"2025-07-23 20:43:24:4324"}
{"error":"Failed to parse URL from /pipeline","level":"error","message":"[OBSERVABILITY] Failed to collect system metrics","timestamp":"2025-07-23 20:43:27:4327"}
{"error":"Failed to parse URL from /pipeline","level":"error","message":"[OBSERVABILITY] Failed to collect system metrics","timestamp":"2025-07-23 20:43:34:4334"}
{"error":"Failed to parse URL from /pipeline","level":"error","message":"[OBSERVABILITY] Failed to collect system metrics","timestamp":"2025-07-23 20:43:37:4337"}
{"error":"Failed to parse URL from /pipeline","level":"error","message":"[OBSERVABILITY] Failed to collect system metrics","timestamp":"2025-07-23 20:43:44:4344"}
{"error":"Failed to parse URL from /pipeline","level":"error","message":"[OBSERVABILITY] Failed to collect system metrics","timestamp":"2025-07-23 20:43:47:4347"}
{"error":"Failed to parse URL from /pipeline","level":"error","message":"[OBSERVABILITY] Failed to collect system metrics","timestamp":"2025-07-23 20:43:54:4354"}
{"error":"Failed to parse URL from /pipeline","level":"error","message":"[OBSERVABILITY] Failed to collect system metrics","timestamp":"2025-07-23 20:43:57:4357"}
{"error":"Failed to parse URL from /pipeline","level":"error","message":"[OBSERVABILITY] Failed to collect system metrics","timestamp":"2025-07-23 20:44:04:444"}
{"error":"Failed to parse URL from /pipeline","level":"error","message":"[OBSERVABILITY] Failed to collect system metrics","timestamp":"2025-07-23 20:44:07:447"}
{"error":"Failed to parse URL from /pipeline","level":"error","message":"[OBSERVABILITY] Failed to collect system metrics","timestamp":"2025-07-23 20:44:14:4414"}
{"error":"Failed to parse URL from /pipeline","level":"error","message":"[OBSERVABILITY] Failed to collect system metrics","timestamp":"2025-07-23 20:44:17:4417"}
{"error":"Failed to parse URL from /pipeline","level":"error","message":"[OBSERVABILITY] Failed to collect system metrics","timestamp":"2025-07-23 20:44:24:4424"}
{"error":"Failed to parse URL from /pipeline","level":"error","message":"[OBSERVABILITY] Failed to collect system metrics","timestamp":"2025-07-23 20:44:27:4427"}
{"error":"Failed to parse URL from /pipeline","level":"error","message":"[OBSERVABILITY] Failed to collect system metrics","timestamp":"2025-07-23 20:44:35:4435"}
{"error":"Failed to parse URL from /pipeline","level":"error","message":"[OBSERVABILITY] Failed to collect system metrics","timestamp":"2025-07-23 20:44:37:4437"}
{"error":"Failed to parse URL from /pipeline","level":"error","message":"[OBSERVABILITY] Failed to collect system metrics","timestamp":"2025-07-23 20:44:45:4445"}
{"error":"Failed to parse URL from /pipeline","level":"error","message":"[OBSERVABILITY] Failed to collect system metrics","timestamp":"2025-07-23 20:44:47:4447"}
{"error":"Failed to parse URL from /pipeline","level":"error","message":"[OBSERVABILITY] Failed to collect system metrics","timestamp":"2025-07-23 20:44:55:4455"}
{"error":"Failed to parse URL from /pipeline","level":"error","message":"[OBSERVABILITY] Failed to collect system metrics","timestamp":"2025-07-23 20:44:57:4457"}
{"error":"Failed to parse URL from /pipeline","level":"error","message":"[OBSERVABILITY] Failed to collect system metrics","timestamp":"2025-07-23 20:45:05:455"}
{"error":"Failed to parse URL from /pipeline","level":"error","message":"[OBSERVABILITY] Failed to collect system metrics","timestamp":"2025-07-23 20:45:07:457"}
{"error":"Failed to parse URL from /pipeline","level":"error","message":"[OBSERVABILITY] Failed to collect system metrics","timestamp":"2025-07-23 20:45:15:4515"}
{"error":"Failed to parse URL from /pipeline","level":"error","message":"[OBSERVABILITY] Failed to collect system metrics","timestamp":"2025-07-23 20:45:17:4517"}
{"error":"Failed to parse URL from /pipeline","level":"error","message":"[OBSERVABILITY] Failed to collect system metrics","timestamp":"2025-07-23 20:45:25:4525"}
{"error":"Failed to parse URL from /pipeline","level":"error","message":"[OBSERVABILITY] Failed to collect system metrics","timestamp":"2025-07-23 20:45:27:4527"}
{"error":"Failed to parse URL from /pipeline","level":"error","message":"[OBSERVABILITY] Failed to collect system metrics","timestamp":"2025-07-23 20:45:35:4535"}
{"error":"Failed to parse URL from /pipeline","level":"error","message":"[OBSERVABILITY] Failed to collect system metrics","timestamp":"2025-07-23 20:45:37:4537"}
{"error":"Failed to parse URL from /pipeline","level":"error","message":"[OBSERVABILITY] Failed to collect system metrics","timestamp":"2025-07-23 20:45:45:4545"}
{"error":"Failed to parse URL from /pipeline","level":"error","message":"[OBSERVABILITY] Failed to collect system metrics","timestamp":"2025-07-23 20:45:47:4547"}
{"error":"Failed to parse URL from /pipeline","level":"error","message":"[OBSERVABILITY] Failed to collect system metrics","timestamp":"2025-07-23 20:45:55:4555"}
{"error":"Failed to parse URL from /pipeline","level":"error","message":"[OBSERVABILITY] Failed to collect system metrics","timestamp":"2025-07-23 20:45:57:4557"}
{"error":"Failed to parse URL from /pipeline","level":"error","message":"[OBSERVABILITY] Failed to collect system metrics","timestamp":"2025-07-23 20:46:05:465"}
{"error":"Failed to parse URL from /pipeline","level":"error","message":"[OBSERVABILITY] Failed to collect system metrics","timestamp":"2025-07-23 20:46:07:467"}
{"error":"Failed to parse URL from /pipeline","level":"error","message":"[OBSERVABILITY] Failed to collect system metrics","timestamp":"2025-07-23 20:46:15:4615"}
{"error":"Failed to parse URL from /pipeline","level":"error","message":"[OBSERVABILITY] Failed to collect system metrics","timestamp":"2025-07-23 20:46:17:4617"}
{"error":"Failed to parse URL from /pipeline","level":"error","message":"[OBSERVABILITY] Failed to collect system metrics","timestamp":"2025-07-23 20:46:25:4625"}
{"error":"Failed to parse URL from /pipeline","level":"error","message":"[OBSERVABILITY] Failed to collect system metrics","timestamp":"2025-07-23 20:46:27:4627"}
{"error":"Failed to parse URL from /pipeline","level":"error","message":"[OBSERVABILITY] Failed to collect system metrics","timestamp":"2025-07-23 20:46:35:4635"}
{"error":"Failed to parse URL from /pipeline","level":"error","message":"[OBSERVABILITY] Failed to collect system metrics","timestamp":"2025-07-23 20:46:37:4637"}
{"error":"Failed to parse URL from /pipeline","level":"error","message":"[OBSERVABILITY] Failed to collect system metrics","timestamp":"2025-07-23 20:46:45:4645"}
{"error":"Failed to parse URL from /pipeline","level":"error","message":"[OBSERVABILITY] Failed to collect system metrics","timestamp":"2025-07-23 20:46:47:4647"}
{"error":"Failed to parse URL from /pipeline","level":"error","message":"[OBSERVABILITY] Failed to collect system metrics","timestamp":"2025-07-23 20:46:55:4655"}
{"error":"Failed to parse URL from /pipeline","level":"error","message":"[OBSERVABILITY] Failed to collect system metrics","timestamp":"2025-07-23 20:46:57:4657"}
{"error":"Failed to parse URL from /pipeline","level":"error","message":"[OBSERVABILITY] Failed to collect system metrics","timestamp":"2025-07-23 20:47:05:475"}
{"error":"Failed to parse URL from /pipeline","level":"error","message":"[OBSERVABILITY] Failed to collect system metrics","timestamp":"2025-07-23 20:47:07:477"}
{"error":"Failed to parse URL from /pipeline","level":"error","message":"[OBSERVABILITY] Failed to collect system metrics","timestamp":"2025-07-23 20:47:15:4715"}
{"error":"Failed to parse URL from /pipeline","level":"error","message":"[OBSERVABILITY] Failed to collect system metrics","timestamp":"2025-07-23 20:47:17:4717"}
{"error":"Failed to parse URL from /pipeline","level":"error","message":"[OBSERVABILITY] Failed to collect system metrics","timestamp":"2025-07-23 20:47:25:4725"}
{"error":"Failed to parse URL from /pipeline","level":"error","message":"[OBSERVABILITY] Failed to collect system metrics","timestamp":"2025-07-23 20:47:27:4727"}
{"error":"Failed to parse URL from /pipeline","level":"error","message":"[OBSERVABILITY] Failed to collect system metrics","timestamp":"2025-07-23 20:47:35:4735"}
{"error":"Failed to parse URL from /pipeline","level":"error","message":"[OBSERVABILITY] Failed to collect system metrics","timestamp":"2025-07-23 20:47:37:4737"}
{"error":"Failed to parse URL from /pipeline","level":"error","message":"[OBSERVABILITY] Failed to collect system metrics","timestamp":"2025-07-23 20:47:45:4745"}
{"error":"Failed to parse URL from /pipeline","level":"error","message":"[OBSERVABILITY] Failed to collect system metrics","timestamp":"2025-07-23 20:47:47:4747"}
{"error":"Failed to parse URL from /pipeline","level":"error","message":"[OBSERVABILITY] Failed to collect system metrics","timestamp":"2025-07-23 20:47:55:4755"}
{"error":"Failed to parse URL from /pipeline","level":"error","message":"[OBSERVABILITY] Failed to collect system metrics","timestamp":"2025-07-23 20:47:57:4757"}
{"error":"Failed to parse URL from /pipeline","level":"error","message":"[OBSERVABILITY] Failed to collect system metrics","timestamp":"2025-07-23 20:48:05:485"}
{"error":"Failed to parse URL from /pipeline","level":"error","message":"[OBSERVABILITY] Failed to collect system metrics","timestamp":"2025-07-23 20:48:07:487"}
{"error":"Failed to parse URL from /pipeline","level":"error","message":"[OBSERVABILITY] Failed to collect system metrics","timestamp":"2025-07-23 20:48:15:4815"}
{"error":"Failed to parse URL from /pipeline","level":"error","message":"[OBSERVABILITY] Failed to collect system metrics","timestamp":"2025-07-23 20:48:17:4817"}
{"error":"Failed to parse URL from /pipeline","level":"error","message":"[OBSERVABILITY] Failed to collect system metrics","timestamp":"2025-07-23 20:48:25:4825"}
{"error":"Failed to parse URL from /pipeline","level":"error","message":"[OBSERVABILITY] Failed to collect system metrics","timestamp":"2025-07-23 20:48:27:4827"}
{"error":"Failed to parse URL from /pipeline","level":"error","message":"[OBSERVABILITY] Failed to collect system metrics","timestamp":"2025-07-23 20:48:35:4835"}
{"error":"Failed to parse URL from /pipeline","level":"error","message":"[OBSERVABILITY] Failed to collect system metrics","timestamp":"2025-07-23 20:48:37:4837"}
{"error":"Failed to parse URL from /pipeline","level":"error","message":"[OBSERVABILITY] Failed to collect system metrics","timestamp":"2025-07-23 20:48:45:4845"}
{"error":"Failed to parse URL from /pipeline","level":"error","message":"[OBSERVABILITY] Failed to collect system metrics","timestamp":"2025-07-23 20:48:47:4847"}
{"error":"Failed to parse URL from /pipeline","level":"error","message":"[OBSERVABILITY] Failed to collect system metrics","timestamp":"2025-07-23 20:48:55:4855"}
{"error":"Failed to parse URL from /pipeline","level":"error","message":"[OBSERVABILITY] Failed to collect system metrics","timestamp":"2025-07-23 20:48:57:4857"}
{"error":"Failed to parse URL from /pipeline","level":"error","message":"[OBSERVABILITY] Failed to collect system metrics","timestamp":"2025-07-23 20:49:05:495"}
{"error":"Failed to parse URL from /pipeline","level":"error","message":"[OBSERVABILITY] Failed to collect system metrics","timestamp":"2025-07-23 20:49:07:497"}
{"error":"Failed to parse URL from /pipeline","level":"error","message":"[OBSERVABILITY] Failed to collect system metrics","timestamp":"2025-07-23 20:49:15:4915"}
{"error":"Failed to parse URL from /pipeline","level":"error","message":"[OBSERVABILITY] Failed to collect system metrics","timestamp":"2025-07-23 20:49:17:4917"}
{"error":"Failed to parse URL from /pipeline","level":"error","message":"[OBSERVABILITY] Failed to collect system metrics","timestamp":"2025-07-23 20:49:25:4925"}
{"error":"Failed to parse URL from /pipeline","level":"error","message":"[OBSERVABILITY] Failed to collect system metrics","timestamp":"2025-07-23 20:49:27:4927"}
{"error":"Failed to parse URL from /pipeline","level":"error","message":"[OBSERVABILITY] Failed to collect system metrics","timestamp":"2025-07-23 20:49:35:4935"}
{"error":"Failed to parse URL from /pipeline","level":"error","message":"[OBSERVABILITY] Failed to collect system metrics","timestamp":"2025-07-23 20:49:37:4937"}
{"error":"Failed to parse URL from /pipeline","level":"error","message":"[OBSERVABILITY] Failed to collect system metrics","timestamp":"2025-07-23 20:49:45:4945"}
{"error":"Failed to parse URL from /pipeline","level":"error","message":"[OBSERVABILITY] Failed to collect system metrics","timestamp":"2025-07-23 20:49:47:4947"}
{"error":"Failed to parse URL from /pipeline","level":"error","message":"[OBSERVABILITY] Failed to collect system metrics","timestamp":"2025-07-23 20:49:55:4955"}
{"error":"Failed to parse URL from /pipeline","level":"error","message":"[OBSERVABILITY] Failed to collect system metrics","timestamp":"2025-07-23 20:49:57:4957"}
{"error":"Failed to parse URL from /pipeline","level":"error","message":"[OBSERVABILITY] Failed to collect system metrics","timestamp":"2025-07-23 20:50:05:505"}
{"error":"Failed to parse URL from /pipeline","level":"error","message":"[OBSERVABILITY] Failed to collect system metrics","timestamp":"2025-07-23 20:50:07:507"}
{"error":"Failed to parse URL from /pipeline","level":"error","message":"[OBSERVABILITY] Failed to collect system metrics","timestamp":"2025-07-23 20:50:15:5015"}
{"error":"Failed to parse URL from /pipeline","level":"error","message":"[OBSERVABILITY] Failed to collect system metrics","timestamp":"2025-07-23 20:50:17:5017"}
{"error":"Failed to parse URL from /pipeline","level":"error","message":"[OBSERVABILITY] Failed to collect system metrics","timestamp":"2025-07-23 20:50:25:5025"}
{"error":"Failed to parse URL from /pipeline","level":"error","message":"[OBSERVABILITY] Failed to collect system metrics","timestamp":"2025-07-23 20:50:27:5027"}
{"error":"Failed to parse URL from /pipeline","level":"error","message":"[OBSERVABILITY] Failed to collect system metrics","timestamp":"2025-07-23 20:50:35:5035"}
{"error":"Failed to parse URL from /pipeline","level":"error","message":"[OBSERVABILITY] Failed to collect system metrics","timestamp":"2025-07-23 20:50:37:5037"}
{"error":"Failed to parse URL from /pipeline","level":"error","message":"[OBSERVABILITY] Failed to collect system metrics","timestamp":"2025-07-23 20:50:45:5045"}
{"error":"Failed to parse URL from /pipeline","level":"error","message":"[OBSERVABILITY] Failed to collect system metrics","timestamp":"2025-07-23 20:50:47:5047"}
{"error":"Failed to parse URL from /pipeline","level":"error","message":"[OBSERVABILITY] Failed to collect system metrics","timestamp":"2025-07-23 20:50:55:5055"}
{"error":"Failed to parse URL from /pipeline","level":"error","message":"[OBSERVABILITY] Failed to collect system metrics","timestamp":"2025-07-23 20:50:57:5057"}
{"error":"Failed to parse URL from /pipeline","level":"error","message":"[OBSERVABILITY] Failed to collect system metrics","timestamp":"2025-07-23 20:51:05:515"}
{"error":"Failed to parse URL from /pipeline","level":"error","message":"[OBSERVABILITY] Failed to collect system metrics","timestamp":"2025-07-23 20:51:07:517"}
{"error":"Failed to parse URL from /pipeline","level":"error","message":"[OBSERVABILITY] Failed to collect system metrics","timestamp":"2025-07-23 20:51:15:5115"}
{"error":"Failed to parse URL from /pipeline","level":"error","message":"[OBSERVABILITY] Failed to collect system metrics","timestamp":"2025-07-23 20:51:17:5117"}
{"error":"Failed to parse URL from /pipeline","level":"error","message":"[OBSERVABILITY] Failed to collect system metrics","timestamp":"2025-07-23 20:51:25:5125"}
{"error":"Failed to parse URL from /pipeline","level":"error","message":"[OBSERVABILITY] Failed to collect system metrics","timestamp":"2025-07-23 20:51:27:5127"}
{"error":"Failed to parse URL from /pipeline","level":"error","message":"[OBSERVABILITY] Failed to collect system metrics","timestamp":"2025-07-23 20:51:35:5135"}
{"error":"Failed to parse URL from /pipeline","level":"error","message":"[OBSERVABILITY] Failed to collect system metrics","timestamp":"2025-07-23 20:51:37:5137"}
{"error":"Failed to parse URL from /pipeline","level":"error","message":"[OBSERVABILITY] Failed to collect system metrics","timestamp":"2025-07-23 20:51:45:5145"}
{"error":"Failed to parse URL from /pipeline","level":"error","message":"[OBSERVABILITY] Failed to collect system metrics","timestamp":"2025-07-23 20:51:47:5147"}
{"error":"Failed to parse URL from /pipeline","level":"error","message":"[OBSERVABILITY] Failed to collect system metrics","timestamp":"2025-07-23 20:51:55:5155"}
{"error":"Failed to parse URL from /pipeline","level":"error","message":"[OBSERVABILITY] Failed to collect system metrics","timestamp":"2025-07-23 20:51:57:5157"}
{"error":"Failed to parse URL from /pipeline","level":"error","message":"[OBSERVABILITY] Failed to collect system metrics","timestamp":"2025-07-23 20:52:05:525"}
{"error":"Failed to parse URL from /pipeline","level":"error","message":"[OBSERVABILITY] Failed to collect system metrics","timestamp":"2025-07-23 20:52:07:527"}
{"error":"Failed to parse URL from /pipeline","level":"error","message":"[OBSERVABILITY] Failed to collect system metrics","timestamp":"2025-07-23 20:52:15:5215"}
{"error":"Failed to parse URL from /pipeline","level":"error","message":"[OBSERVABILITY] Failed to collect system metrics","timestamp":"2025-07-23 20:52:18:5218"}
{"error":"Failed to parse URL from /pipeline","level":"error","message":"[OBSERVABILITY] Failed to collect system metrics","timestamp":"2025-07-23 20:52:25:5225"}
{"error":"Failed to parse URL from /pipeline","level":"error","message":"[OBSERVABILITY] Failed to collect system metrics","timestamp":"2025-07-23 20:52:28:5228"}
{"error":"Failed to parse URL from /pipeline","level":"error","message":"[OBSERVABILITY] Failed to collect system metrics","timestamp":"2025-07-23 20:52:35:5235"}
{"error":"Failed to parse URL from /pipeline","level":"error","message":"[OBSERVABILITY] Failed to collect system metrics","timestamp":"2025-07-23 20:52:38:5238"}
{"error":"Failed to parse URL from /pipeline","level":"error","message":"[OBSERVABILITY] Failed to collect system metrics","timestamp":"2025-07-23 20:52:45:5245"}
{"error":"Failed to parse URL from /pipeline","level":"error","message":"[OBSERVABILITY] Failed to collect system metrics","timestamp":"2025-07-23 20:52:48:5248"}
{"error":"Failed to parse URL from /pipeline","level":"error","message":"[OBSERVABILITY] Failed to collect system metrics","timestamp":"2025-07-23 20:52:55:5255"}
{"error":"Failed to parse URL from /pipeline","level":"error","message":"[OBSERVABILITY] Failed to collect system metrics","timestamp":"2025-07-23 20:52:58:5258"}
{"error":"Failed to parse URL from /pipeline","level":"error","message":"[OBSERVABILITY] Failed to collect system metrics","timestamp":"2025-07-23 20:53:05:535"}
{"error":"Failed to parse URL from /pipeline","level":"error","message":"[OBSERVABILITY] Failed to collect system metrics","timestamp":"2025-07-23 20:53:08:538"}
{"error":"Failed to parse URL from /pipeline","level":"error","message":"[OBSERVABILITY] Failed to collect system metrics","timestamp":"2025-07-23 20:53:15:5315"}
{"error":"Failed to parse URL from /pipeline","level":"error","message":"[OBSERVABILITY] Failed to collect system metrics","timestamp":"2025-07-23 20:53:18:5318"}
{"error":"Failed to parse URL from /pipeline","level":"error","message":"[OBSERVABILITY] Failed to collect system metrics","timestamp":"2025-07-23 20:53:25:5325"}
{"error":"Failed to parse URL from /pipeline","level":"error","message":"[OBSERVABILITY] Failed to collect system metrics","timestamp":"2025-07-23 20:53:28:5328"}
{"error":"Failed to parse URL from /pipeline","level":"error","message":"[OBSERVABILITY] Failed to collect system metrics","timestamp":"2025-07-23 20:53:35:5335"}
{"error":"Failed to parse URL from /pipeline","level":"error","message":"[OBSERVABILITY] Failed to collect system metrics","timestamp":"2025-07-23 20:53:38:5338"}
{"error":"Failed to parse URL from /pipeline","level":"error","message":"[OBSERVABILITY] Failed to collect system metrics","timestamp":"2025-07-23 20:53:45:5345"}
{"error":"Failed to parse URL from /pipeline","level":"error","message":"[OBSERVABILITY] Failed to collect system metrics","timestamp":"2025-07-23 20:53:48:5348"}
{"error":"Failed to parse URL from /pipeline","level":"error","message":"[OBSERVABILITY] Failed to collect system metrics","timestamp":"2025-07-23 20:53:55:5355"}
{"error":"Failed to parse URL from /pipeline","level":"error","message":"[OBSERVABILITY] Failed to collect system metrics","timestamp":"2025-07-23 20:53:58:5358"}
{"error":"Failed to parse URL from /pipeline","level":"error","message":"[OBSERVABILITY] Failed to collect system metrics","timestamp":"2025-07-23 20:54:05:545"}
{"error":"Failed to parse URL from /pipeline","level":"error","message":"[OBSERVABILITY] Failed to collect system metrics","timestamp":"2025-07-23 20:54:08:548"}
{"error":"Failed to parse URL from /pipeline","level":"error","message":"[OBSERVABILITY] Failed to collect system metrics","timestamp":"2025-07-23 20:54:15:5415"}
{"error":"Failed to parse URL from /pipeline","level":"error","message":"[OBSERVABILITY] Failed to collect system metrics","timestamp":"2025-07-23 20:54:18:5418"}
{"error":"Failed to parse URL from /pipeline","level":"error","message":"[OBSERVABILITY] Failed to collect system metrics","timestamp":"2025-07-23 20:54:25:5425"}
{"error":"Failed to parse URL from /pipeline","level":"error","message":"[OBSERVABILITY] Failed to collect system metrics","timestamp":"2025-07-23 20:54:28:5428"}
{"error":"Failed to parse URL from /pipeline","level":"error","message":"[OBSERVABILITY] Failed to collect system metrics","timestamp":"2025-07-23 20:54:35:5435"}
{"error":"Failed to parse URL from /pipeline","level":"error","message":"[OBSERVABILITY] Failed to collect system metrics","timestamp":"2025-07-23 20:54:38:5438"}
{"error":"Failed to parse URL from /pipeline","level":"error","message":"[OBSERVABILITY] Failed to collect system metrics","timestamp":"2025-07-23 20:54:45:5445"}
{"error":"Failed to parse URL from /pipeline","level":"error","message":"[OBSERVABILITY] Failed to collect system metrics","timestamp":"2025-07-23 20:54:48:5448"}
{"error":"Failed to parse URL from /pipeline","level":"error","message":"[OBSERVABILITY] Failed to collect system metrics","timestamp":"2025-07-23 20:54:55:5455"}
{"error":"Failed to parse URL from /pipeline","level":"error","message":"[OBSERVABILITY] Failed to collect system metrics","timestamp":"2025-07-23 20:54:58:5458"}
{"error":"Failed to parse URL from /pipeline","level":"error","message":"[OBSERVABILITY] Failed to collect system metrics","timestamp":"2025-07-23 20:55:05:555"}
{"error":"Failed to parse URL from /pipeline","level":"error","message":"[OBSERVABILITY] Failed to collect system metrics","timestamp":"2025-07-23 20:55:08:558"}
{"error":"Failed to parse URL from /pipeline","level":"error","message":"[OBSERVABILITY] Failed to collect system metrics","timestamp":"2025-07-23 20:55:15:5515"}
{"error":"Failed to parse URL from /pipeline","level":"error","message":"[OBSERVABILITY] Failed to collect system metrics","timestamp":"2025-07-23 20:55:18:5518"}
{"error":"Failed to parse URL from /pipeline","level":"error","message":"[OBSERVABILITY] Failed to collect system metrics","timestamp":"2025-07-23 20:55:25:5525"}
{"error":"Failed to parse URL from /pipeline","level":"error","message":"[OBSERVABILITY] Failed to collect system metrics","timestamp":"2025-07-23 20:55:28:5528"}
{"error":"Failed to parse URL from /pipeline","level":"error","message":"[OBSERVABILITY] Failed to collect system metrics","timestamp":"2025-07-23 20:55:35:5535"}
{"error":"Failed to parse URL from /pipeline","level":"error","message":"[OBSERVABILITY] Failed to collect system metrics","timestamp":"2025-07-23 20:55:38:5538"}
{"error":"Failed to parse URL from /pipeline","level":"error","message":"[OBSERVABILITY] Failed to collect system metrics","timestamp":"2025-07-23 20:55:45:5545"}
{"error":"Failed to parse URL from /pipeline","level":"error","message":"[OBSERVABILITY] Failed to collect system metrics","timestamp":"2025-07-23 20:55:48:5548"}
{"error":"Failed to parse URL from /pipeline","level":"error","message":"[OBSERVABILITY] Failed to collect system metrics","timestamp":"2025-07-23 20:55:55:5555"}
{"error":"Failed to parse URL from /pipeline","level":"error","message":"[OBSERVABILITY] Failed to collect system metrics","timestamp":"2025-07-23 20:55:58:5558"}
{"error":"Failed to parse URL from /pipeline","level":"error","message":"[OBSERVABILITY] Failed to collect system metrics","timestamp":"2025-07-23 20:56:05:565"}
{"error":"Failed to parse URL from /pipeline","level":"error","message":"[OBSERVABILITY] Failed to collect system metrics","timestamp":"2025-07-23 20:56:08:568"}
{"error":"Failed to parse URL from /pipeline","level":"error","message":"[OBSERVABILITY] Failed to collect system metrics","timestamp":"2025-07-23 20:56:15:5615"}
{"error":"Failed to parse URL from /pipeline","level":"error","message":"[OBSERVABILITY] Failed to collect system metrics","timestamp":"2025-07-23 20:56:18:5618"}
{"error":"Failed to parse URL from /pipeline","level":"error","message":"[OBSERVABILITY] Failed to collect system metrics","timestamp":"2025-07-23 20:56:25:5625"}
{"error":"Failed to parse URL from /pipeline","level":"error","message":"[OBSERVABILITY] Failed to collect system metrics","timestamp":"2025-07-23 20:56:28:5628"}
{"error":"Failed to parse URL from /pipeline","level":"error","message":"[OBSERVABILITY] Failed to collect system metrics","timestamp":"2025-07-23 20:56:35:5635"}
{"error":"Failed to parse URL from /pipeline","level":"error","message":"[OBSERVABILITY] Failed to collect system metrics","timestamp":"2025-07-23 20:56:38:5638"}
{"error":"Failed to parse URL from /pipeline","level":"error","message":"[OBSERVABILITY] Failed to collect system metrics","timestamp":"2025-07-23 20:56:45:5645"}
{"error":"Failed to parse URL from /pipeline","level":"error","message":"[OBSERVABILITY] Failed to collect system metrics","timestamp":"2025-07-23 20:56:48:5648"}
{"error":"Failed to parse URL from /pipeline","level":"error","message":"[OBSERVABILITY] Failed to collect system metrics","timestamp":"2025-07-23 20:56:55:5655"}
{"error":"Failed to parse URL from /pipeline","level":"error","message":"[OBSERVABILITY] Failed to collect system metrics","timestamp":"2025-07-23 20:56:58:5658"}
{"error":"Failed to parse URL from /pipeline","level":"error","message":"[OBSERVABILITY] Failed to collect system metrics","timestamp":"2025-07-23 20:57:05:575"}
{"error":"Failed to parse URL from /pipeline","level":"error","message":"[OBSERVABILITY] Failed to collect system metrics","timestamp":"2025-07-23 20:57:08:578"}
{"error":"Failed to parse URL from /pipeline","level":"error","message":"[OBSERVABILITY] Failed to collect system metrics","timestamp":"2025-07-23 20:57:15:5715"}
{"error":"Failed to parse URL from /pipeline","level":"error","message":"[OBSERVABILITY] Failed to collect system metrics","timestamp":"2025-07-23 20:57:18:5718"}
{"error":"Failed to parse URL from /pipeline","level":"error","message":"[OBSERVABILITY] Failed to collect system metrics","timestamp":"2025-07-23 20:57:25:5725"}
{"error":"Failed to parse URL from /pipeline","level":"error","message":"[OBSERVABILITY] Failed to collect system metrics","timestamp":"2025-07-23 20:57:28:5728"}
{"error":"Failed to parse URL from /pipeline","level":"error","message":"[OBSERVABILITY] Failed to collect system metrics","timestamp":"2025-07-23 20:57:35:5735"}
{"error":"Failed to parse URL from /pipeline","level":"error","message":"[OBSERVABILITY] Failed to collect system metrics","timestamp":"2025-07-23 20:57:38:5738"}
{"error":"Failed to parse URL from /pipeline","level":"error","message":"[OBSERVABILITY] Failed to collect system metrics","timestamp":"2025-07-23 20:57:45:5745"}
{"error":"Failed to parse URL from /pipeline","level":"error","message":"[OBSERVABILITY] Failed to collect system metrics","timestamp":"2025-07-23 20:57:48:5748"}
{"error":"Failed to parse URL from /pipeline","level":"error","message":"[OBSERVABILITY] Failed to collect system metrics","timestamp":"2025-07-23 20:57:55:5755"}
{"error":"Failed to parse URL from /pipeline","level":"error","message":"[OBSERVABILITY] Failed to collect system metrics","timestamp":"2025-07-23 20:57:58:5758"}
{"error":"Failed to parse URL from /pipeline","level":"error","message":"[OBSERVABILITY] Failed to collect system metrics","timestamp":"2025-07-23 20:58:05:585"}
{"error":"Failed to parse URL from /pipeline","level":"error","message":"[OBSERVABILITY] Failed to collect system metrics","timestamp":"2025-07-23 20:58:08:588"}
{"error":"Failed to parse URL from /pipeline","level":"error","message":"[OBSERVABILITY] Failed to collect system metrics","timestamp":"2025-07-23 20:58:15:5815"}
{"error":"Failed to parse URL from /pipeline","level":"error","message":"[OBSERVABILITY] Failed to collect system metrics","timestamp":"2025-07-23 20:58:18:5818"}
{"error":"Failed to parse URL from /pipeline","level":"error","message":"[OBSERVABILITY] Failed to collect system metrics","timestamp":"2025-07-23 20:58:25:5825"}
{"error":"Failed to parse URL from /pipeline","level":"error","message":"[OBSERVABILITY] Failed to collect system metrics","timestamp":"2025-07-23 20:58:28:5828"}
{"error":"Failed to parse URL from /pipeline","level":"error","message":"[OBSERVABILITY] Failed to collect system metrics","timestamp":"2025-07-23 20:58:35:5835"}
{"error":"Failed to parse URL from /pipeline","level":"error","message":"[OBSERVABILITY] Failed to collect system metrics","timestamp":"2025-07-23 20:58:38:5838"}
{"error":"Failed to parse URL from /pipeline","level":"error","message":"[OBSERVABILITY] Failed to collect system metrics","timestamp":"2025-07-23 20:58:45:5845"}
{"error":"Failed to parse URL from /pipeline","level":"error","message":"[OBSERVABILITY] Failed to collect system metrics","timestamp":"2025-07-23 20:58:48:5848"}
{"error":"Failed to parse URL from /pipeline","level":"error","message":"[OBSERVABILITY] Failed to collect system metrics","timestamp":"2025-07-23 20:58:55:5855"}
{"error":"Failed to parse URL from /pipeline","level":"error","message":"[OBSERVABILITY] Failed to collect system metrics","timestamp":"2025-07-23 20:58:58:5858"}
{"error":"Failed to parse URL from /pipeline","level":"error","message":"[OBSERVABILITY] Failed to collect system metrics","timestamp":"2025-07-23 20:59:05:595"}
{"error":"Failed to parse URL from /pipeline","level":"error","message":"[OBSERVABILITY] Failed to collect system metrics","timestamp":"2025-07-23 20:59:08:598"}
{"error":"Failed to parse URL from /pipeline","level":"error","message":"[OBSERVABILITY] Failed to collect system metrics","timestamp":"2025-07-23 20:59:15:5915"}
{"error":"Failed to parse URL from /pipeline","level":"error","message":"[OBSERVABILITY] Failed to collect system metrics","timestamp":"2025-07-23 20:59:18:5918"}
{"error":"Failed to parse URL from /pipeline","level":"error","message":"[OBSERVABILITY] Failed to collect system metrics","timestamp":"2025-07-23 20:59:25:5925"}
{"error":"Failed to parse URL from /pipeline","level":"error","message":"[OBSERVABILITY] Failed to collect system metrics","timestamp":"2025-07-23 20:59:28:5928"}
{"error":"Failed to parse URL from /pipeline","level":"error","message":"[OBSERVABILITY] Failed to collect system metrics","timestamp":"2025-07-23 20:59:35:5935"}
{"error":"Failed to parse URL from /pipeline","level":"error","message":"[OBSERVABILITY] Failed to collect system metrics","timestamp":"2025-07-23 20:59:38:5938"}
{"error":"Failed to parse URL from /pipeline","level":"error","message":"[OBSERVABILITY] Failed to collect system metrics","timestamp":"2025-07-23 20:59:45:5945"}
{"error":"Failed to parse URL from /pipeline","level":"error","message":"[OBSERVABILITY] Failed to collect system metrics","timestamp":"2025-07-23 20:59:48:5948"}
{"error":"Failed to parse URL from /pipeline","level":"error","message":"[OBSERVABILITY] Failed to collect system metrics","timestamp":"2025-07-23 20:59:55:5955"}
{"error":"Failed to parse URL from /pipeline","level":"error","message":"[OBSERVABILITY] Failed to collect system metrics","timestamp":"2025-07-23 20:59:58:5958"}
{"error":"Failed to parse URL from /pipeline","level":"error","message":"[OBSERVABILITY] Failed to collect system metrics","timestamp":"2025-07-23 21:00:05:05"}
{"error":"Failed to parse URL from /pipeline","level":"error","message":"[OBSERVABILITY] Failed to collect system metrics","timestamp":"2025-07-23 21:00:08:08"}
{"error":"Failed to parse URL from /pipeline","level":"error","message":"[OBSERVABILITY] Failed to collect system metrics","timestamp":"2025-07-23 21:00:15:015"}
{"error":"Failed to parse URL from /pipeline","level":"error","message":"[OBSERVABILITY] Failed to collect system metrics","timestamp":"2025-07-23 21:00:18:018"}
{"error":"Failed to parse URL from /pipeline","level":"error","message":"[OBSERVABILITY] Failed to collect system metrics","timestamp":"2025-07-23 21:00:25:025"}
{"error":"Failed to parse URL from /pipeline","level":"error","message":"[OBSERVABILITY] Failed to collect system metrics","timestamp":"2025-07-23 21:00:28:028"}
{"error":"Failed to parse URL from /pipeline","level":"error","message":"[OBSERVABILITY] Failed to collect system metrics","timestamp":"2025-07-23 21:00:35:035"}
{"error":"Failed to parse URL from /pipeline","level":"error","message":"[OBSERVABILITY] Failed to collect system metrics","timestamp":"2025-07-23 21:00:38:038"}
{"error":"Failed to parse URL from /pipeline","level":"error","message":"[OBSERVABILITY] Failed to collect system metrics","timestamp":"2025-07-23 21:00:45:045"}
{"error":"Failed to parse URL from /pipeline","level":"error","message":"[OBSERVABILITY] Failed to collect system metrics","timestamp":"2025-07-23 21:00:48:048"}
{"error":"Failed to parse URL from /pipeline","level":"error","message":"[OBSERVABILITY] Failed to collect system metrics","timestamp":"2025-07-23 21:00:55:055"}
{"error":"Failed to parse URL from /pipeline","level":"error","message":"[OBSERVABILITY] Failed to collect system metrics","timestamp":"2025-07-23 21:00:58:058"}
{"error":"Failed to parse URL from /pipeline","level":"error","message":"[OBSERVABILITY] Failed to collect system metrics","timestamp":"2025-07-23 21:01:05:15"}
{"error":"Failed to parse URL from /pipeline","level":"error","message":"[OBSERVABILITY] Failed to collect system metrics","timestamp":"2025-07-23 21:01:08:18"}
{"error":"Failed to parse URL from /pipeline","level":"error","message":"[OBSERVABILITY] Failed to collect system metrics","timestamp":"2025-07-23 21:01:15:115"}
{"error":"Failed to parse URL from /pipeline","level":"error","message":"[OBSERVABILITY] Failed to collect system metrics","timestamp":"2025-07-23 21:01:18:118"}
{"error":"Failed to parse URL from /pipeline","level":"error","message":"[OBSERVABILITY] Failed to collect system metrics","timestamp":"2025-07-23 21:01:25:125"}
{"error":"Failed to parse URL from /pipeline","level":"error","message":"[OBSERVABILITY] Failed to collect system metrics","timestamp":"2025-07-23 21:01:28:128"}
{"error":"Failed to parse URL from /pipeline","level":"error","message":"[OBSERVABILITY] Failed to collect system metrics","timestamp":"2025-07-23 21:01:35:135"}
{"error":"Failed to parse URL from /pipeline","level":"error","message":"[OBSERVABILITY] Failed to collect system metrics","timestamp":"2025-07-23 21:01:38:138"}
{"error":"Failed to parse URL from /pipeline","level":"error","message":"[OBSERVABILITY] Failed to collect system metrics","timestamp":"2025-07-23 21:01:45:145"}
{"error":"Failed to parse URL from /pipeline","level":"error","message":"[OBSERVABILITY] Failed to collect system metrics","timestamp":"2025-07-23 21:01:48:148"}
{"error":"Failed to parse URL from /pipeline","level":"error","message":"[OBSERVABILITY] Failed to collect system metrics","timestamp":"2025-07-23 21:01:55:155"}
{"error":"Failed to parse URL from /pipeline","level":"error","message":"[OBSERVABILITY] Failed to collect system metrics","timestamp":"2025-07-23 21:01:58:158"}
{"error":"Failed to parse URL from /pipeline","level":"error","message":"[OBSERVABILITY] Failed to collect system metrics","timestamp":"2025-07-23 21:02:05:25"}
{"error":"Failed to parse URL from /pipeline","level":"error","message":"[OBSERVABILITY] Failed to collect system metrics","timestamp":"2025-07-23 21:02:08:28"}
{"error":"Failed to parse URL from /pipeline","level":"error","message":"[OBSERVABILITY] Failed to collect system metrics","timestamp":"2025-07-23 21:02:15:215"}
{"error":"Failed to parse URL from /pipeline","level":"error","message":"[OBSERVABILITY] Failed to collect system metrics","timestamp":"2025-07-23 21:02:18:218"}
{"error":"Failed to parse URL from /pipeline","level":"error","message":"[OBSERVABILITY] Failed to collect system metrics","timestamp":"2025-07-23 21:02:25:225"}
{"error":"Failed to parse URL from /pipeline","level":"error","message":"[OBSERVABILITY] Failed to collect system metrics","timestamp":"2025-07-23 21:02:28:228"}
{"error":"Failed to parse URL from /pipeline","level":"error","message":"[OBSERVABILITY] Failed to collect system metrics","timestamp":"2025-07-23 21:02:35:235"}
{"error":"Failed to parse URL from /pipeline","level":"error","message":"[OBSERVABILITY] Failed to collect system metrics","timestamp":"2025-07-23 21:02:38:238"}
{"error":"Failed to parse URL from /pipeline","level":"error","message":"[OBSERVABILITY] Failed to collect system metrics","timestamp":"2025-07-23 21:02:45:245"}
{"error":"Failed to parse URL from /pipeline","level":"error","message":"[OBSERVABILITY] Failed to collect system metrics","timestamp":"2025-07-23 21:02:48:248"}
{"error":"Failed to parse URL from /pipeline","level":"error","message":"[OBSERVABILITY] Failed to collect system metrics","timestamp":"2025-07-23 21:02:55:255"}
{"error":"Failed to parse URL from /pipeline","level":"error","message":"[OBSERVABILITY] Failed to collect system metrics","timestamp":"2025-07-23 21:02:58:258"}
{"error":"Failed to parse URL from /pipeline","level":"error","message":"[OBSERVABILITY] Failed to collect system metrics","timestamp":"2025-07-23 21:03:05:35"}
{"error":"Failed to parse URL from /pipeline","level":"error","message":"[OBSERVABILITY] Failed to collect system metrics","timestamp":"2025-07-23 21:03:08:38"}
{"error":"Failed to parse URL from /pipeline","level":"error","message":"[OBSERVABILITY] Failed to collect system metrics","timestamp":"2025-07-23 21:03:15:315"}
{"error":"Failed to parse URL from /pipeline","level":"error","message":"[OBSERVABILITY] Failed to collect system metrics","timestamp":"2025-07-23 21:03:18:318"}
{"error":"Failed to parse URL from /pipeline","level":"error","message":"[OBSERVABILITY] Failed to collect system metrics","timestamp":"2025-07-23 21:03:25:325"}
{"error":"Failed to parse URL from /pipeline","level":"error","message":"[OBSERVABILITY] Failed to collect system metrics","timestamp":"2025-07-23 21:03:28:328"}
{"error":"Failed to parse URL from /pipeline","level":"error","message":"[OBSERVABILITY] Failed to collect system metrics","timestamp":"2025-07-23 21:03:35:335"}
{"error":"Failed to parse URL from /pipeline","level":"error","message":"[OBSERVABILITY] Failed to collect system metrics","timestamp":"2025-07-23 21:03:38:338"}
{"error":"Failed to parse URL from /pipeline","level":"error","message":"[OBSERVABILITY] Failed to collect system metrics","timestamp":"2025-07-23 21:03:45:345"}
{"error":"Failed to parse URL from /pipeline","level":"error","message":"[OBSERVABILITY] Failed to collect system metrics","timestamp":"2025-07-23 21:03:48:348"}
{"error":"Failed to parse URL from /pipeline","level":"error","message":"[OBSERVABILITY] Failed to collect system metrics","timestamp":"2025-07-23 21:03:55:355"}
{"error":"Failed to parse URL from /pipeline","level":"error","message":"[OBSERVABILITY] Failed to collect system metrics","timestamp":"2025-07-23 21:03:58:358"}
{"error":"Failed to parse URL from /pipeline","level":"error","message":"[OBSERVABILITY] Failed to collect system metrics","timestamp":"2025-07-23 21:04:05:45"}
{"error":"Failed to parse URL from /pipeline","level":"error","message":"[OBSERVABILITY] Failed to collect system metrics","timestamp":"2025-07-23 21:04:08:48"}
{"error":"Failed to parse URL from /pipeline","level":"error","message":"[OBSERVABILITY] Failed to collect system metrics","timestamp":"2025-07-23 21:04:15:415"}
{"error":"Failed to parse URL from /pipeline","level":"error","message":"[OBSERVABILITY] Failed to collect system metrics","timestamp":"2025-07-23 21:04:18:418"}
{"error":"Failed to parse URL from /pipeline","level":"error","message":"[OBSERVABILITY] Failed to collect system metrics","timestamp":"2025-07-23 21:04:25:425"}
{"error":"Failed to parse URL from /pipeline","level":"error","message":"[OBSERVABILITY] Failed to collect system metrics","timestamp":"2025-07-23 21:04:28:428"}
{"error":"Failed to parse URL from /pipeline","level":"error","message":"[OBSERVABILITY] Failed to collect system metrics","timestamp":"2025-07-23 21:04:35:435"}
{"error":"Failed to parse URL from /pipeline","level":"error","message":"[OBSERVABILITY] Failed to collect system metrics","timestamp":"2025-07-23 21:04:38:438"}
{"error":"Failed to parse URL from /pipeline","level":"error","message":"[OBSERVABILITY] Failed to collect system metrics","timestamp":"2025-07-23 21:04:45:445"}
{"error":"Failed to parse URL from /pipeline","level":"error","message":"[OBSERVABILITY] Failed to collect system metrics","timestamp":"2025-07-23 21:04:48:448"}
{"error":"Failed to parse URL from /pipeline","level":"error","message":"[OBSERVABILITY] Failed to collect system metrics","timestamp":"2025-07-23 21:04:55:455"}
{"error":"Failed to parse URL from /pipeline","level":"error","message":"[OBSERVABILITY] Failed to collect system metrics","timestamp":"2025-07-23 21:04:58:458"}
{"error":"Failed to parse URL from /pipeline","level":"error","message":"[OBSERVABILITY] Failed to collect system metrics","timestamp":"2025-07-23 21:05:05:55"}
{"error":"Failed to parse URL from /pipeline","level":"error","message":"[OBSERVABILITY] Failed to collect system metrics","timestamp":"2025-07-23 21:05:08:58"}
{"error":"Failed to parse URL from /pipeline","level":"error","message":"[OBSERVABILITY] Failed to collect system metrics","timestamp":"2025-07-23 21:05:15:515"}
{"error":"Failed to parse URL from /pipeline","level":"error","message":"[OBSERVABILITY] Failed to collect system metrics","timestamp":"2025-07-23 21:05:18:518"}
{"error":"Failed to parse URL from /pipeline","level":"error","message":"[OBSERVABILITY] Failed to collect system metrics","timestamp":"2025-07-23 21:05:25:525"}
{"error":"Failed to parse URL from /pipeline","level":"error","message":"[OBSERVABILITY] Failed to collect system metrics","timestamp":"2025-07-23 21:05:28:528"}
{"error":"Failed to parse URL from /pipeline","level":"error","message":"[OBSERVABILITY] Failed to collect system metrics","timestamp":"2025-07-23 21:05:35:535"}
{"error":"Failed to parse URL from /pipeline","level":"error","message":"[OBSERVABILITY] Failed to collect system metrics","timestamp":"2025-07-23 21:05:38:538"}
{"error":"Failed to parse URL from /pipeline","level":"error","message":"[OBSERVABILITY] Failed to collect system metrics","timestamp":"2025-07-23 21:05:45:545"}
{"error":"Failed to parse URL from /pipeline","level":"error","message":"[OBSERVABILITY] Failed to collect system metrics","timestamp":"2025-07-23 21:05:48:548"}
{"error":"Failed to parse URL from /pipeline","level":"error","message":"[OBSERVABILITY] Failed to collect system metrics","timestamp":"2025-07-23 21:05:56:556"}
{"error":"Failed to parse URL from /pipeline","level":"error","message":"[OBSERVABILITY] Failed to collect system metrics","timestamp":"2025-07-23 21:05:58:558"}
{"error":"Failed to parse URL from /pipeline","level":"error","message":"[OBSERVABILITY] Failed to collect system metrics","timestamp":"2025-07-23 21:06:06:66"}
{"error":"Failed to parse URL from /pipeline","level":"error","message":"[OBSERVABILITY] Failed to collect system metrics","timestamp":"2025-07-23 21:06:08:68"}
{"error":"Failed to parse URL from /pipeline","level":"error","message":"[OBSERVABILITY] Failed to collect system metrics","timestamp":"2025-07-23 21:06:16:616"}
{"error":"Failed to parse URL from /pipeline","level":"error","message":"[OBSERVABILITY] Failed to collect system metrics","timestamp":"2025-07-23 21:06:18:618"}
{"error":"Failed to parse URL from /pipeline","level":"error","message":"[OBSERVABILITY] Failed to collect system metrics","timestamp":"2025-07-23 21:06:26:626"}
{"error":"Failed to parse URL from /pipeline","level":"error","message":"[OBSERVABILITY] Failed to collect system metrics","timestamp":"2025-07-23 21:06:28:628"}
{"error":"Failed to parse URL from /pipeline","level":"error","message":"[OBSERVABILITY] Failed to collect system metrics","timestamp":"2025-07-23 21:06:36:636"}
{"error":"Failed to parse URL from /pipeline","level":"error","message":"[OBSERVABILITY] Failed to collect system metrics","timestamp":"2025-07-23 21:06:38:638"}
{"error":"Failed to parse URL from /pipeline","level":"error","message":"[OBSERVABILITY] Failed to collect system metrics","timestamp":"2025-07-23 21:06:46:646"}
{"error":"Failed to parse URL from /pipeline","level":"error","message":"[OBSERVABILITY] Failed to collect system metrics","timestamp":"2025-07-23 21:06:48:648"}
{"error":"Failed to parse URL from /pipeline","level":"error","message":"[OBSERVABILITY] Failed to collect system metrics","timestamp":"2025-07-23 21:06:56:656"}
{"error":"Failed to parse URL from /pipeline","level":"error","message":"[OBSERVABILITY] Failed to collect system metrics","timestamp":"2025-07-23 21:06:58:658"}
{"error":"Failed to parse URL from /pipeline","level":"error","message":"[OBSERVABILITY] Failed to collect system metrics","timestamp":"2025-07-23 21:07:06:76"}
{"error":"Failed to parse URL from /pipeline","level":"error","message":"[OBSERVABILITY] Failed to collect system metrics","timestamp":"2025-07-23 21:07:08:78"}
{"error":"Failed to parse URL from /pipeline","level":"error","message":"[OBSERVABILITY] Failed to collect system metrics","timestamp":"2025-07-23 21:07:16:716"}
{"error":"Failed to parse URL from /pipeline","level":"error","message":"[OBSERVABILITY] Failed to collect system metrics","timestamp":"2025-07-23 21:07:18:718"}
{"error":"Failed to parse URL from /pipeline","level":"error","message":"[OBSERVABILITY] Failed to collect system metrics","timestamp":"2025-07-23 21:07:26:726"}
{"error":"Failed to parse URL from /pipeline","level":"error","message":"[OBSERVABILITY] Failed to collect system metrics","timestamp":"2025-07-23 21:07:28:728"}
{"error":"Failed to parse URL from /pipeline","level":"error","message":"[OBSERVABILITY] Failed to collect system metrics","timestamp":"2025-07-23 21:07:36:736"}
{"error":"Failed to parse URL from /pipeline","level":"error","message":"[OBSERVABILITY] Failed to collect system metrics","timestamp":"2025-07-23 21:07:38:738"}
{"error":"Failed to parse URL from /pipeline","level":"error","message":"[OBSERVABILITY] Failed to collect system metrics","timestamp":"2025-07-23 21:07:46:746"}
{"error":"Failed to parse URL from /pipeline","level":"error","message":"[OBSERVABILITY] Failed to collect system metrics","timestamp":"2025-07-23 21:07:48:748"}
{"error":"Failed to parse URL from /pipeline","level":"error","message":"[OBSERVABILITY] Failed to collect system metrics","timestamp":"2025-07-23 21:07:56:756"}
{"error":"Failed to parse URL from /pipeline","level":"error","message":"[OBSERVABILITY] Failed to collect system metrics","timestamp":"2025-07-23 21:07:58:758"}
{"error":"Failed to parse URL from /pipeline","level":"error","message":"[OBSERVABILITY] Failed to collect system metrics","timestamp":"2025-07-23 21:08:06:86"}
{"error":"Failed to parse URL from /pipeline","level":"error","message":"[OBSERVABILITY] Failed to collect system metrics","timestamp":"2025-07-23 21:08:08:88"}
{"error":"Failed to parse URL from /pipeline","level":"error","message":"[OBSERVABILITY] Failed to collect system metrics","timestamp":"2025-07-23 21:08:16:816"}
{"error":"Failed to parse URL from /pipeline","level":"error","message":"[OBSERVABILITY] Failed to collect system metrics","timestamp":"2025-07-23 21:08:18:818"}
{"error":"Failed to parse URL from /pipeline","level":"error","message":"[OBSERVABILITY] Failed to collect system metrics","timestamp":"2025-07-23 21:08:26:826"}
{"error":"Failed to parse URL from /pipeline","level":"error","message":"[OBSERVABILITY] Failed to collect system metrics","timestamp":"2025-07-23 21:08:28:828"}
{"error":"Failed to parse URL from /pipeline","level":"error","message":"[OBSERVABILITY] Failed to collect system metrics","timestamp":"2025-07-23 21:08:36:836"}
{"error":"Failed to parse URL from /pipeline","level":"error","message":"[OBSERVABILITY] Failed to collect system metrics","timestamp":"2025-07-23 21:08:38:838"}
{"error":"Failed to parse URL from /pipeline","level":"error","message":"[OBSERVABILITY] Failed to collect system metrics","timestamp":"2025-07-23 21:08:46:846"}
{"error":"Failed to parse URL from /pipeline","level":"error","message":"[OBSERVABILITY] Failed to collect system metrics","timestamp":"2025-07-23 21:08:48:848"}
{"error":"fetch failed","level":"error","message":"[OBSERVABILITY] Failed to collect system metrics","timestamp":"2025-07-24 05:05:15:515"}
{"error":"fetch failed","level":"error","message":"[OBSERVABILITY] Failed to collect system metrics","timestamp":"2025-07-24 05:05:15:515"}
{"error":"fetch failed","level":"error","message":"[OBSERVABILITY] Failed to collect system metrics","timestamp":"2025-07-24 05:05:15:515"}
{"error":"fetch failed","level":"error","message":"[OBSERVABILITY] Failed to collect system metrics","timestamp":"2025-07-24 05:05:15:515"}
{"error":"fetch failed","level":"error","message":"[OBSERVABILITY] Failed to collect system metrics","timestamp":"2025-07-24 05:05:15:515"}
{"error":"fetch failed","level":"error","message":"[OBSERVABILITY] Failed to collect system metrics","timestamp":"2025-07-24 05:05:22:522"}
{"error":"fetch failed","level":"error","message":"[OBSERVABILITY] Failed to collect system metrics","timestamp":"2025-07-24 05:05:22:522"}
{"error":"fetch failed","level":"error","message":"[OBSERVABILITY] Failed to collect system metrics","timestamp":"2025-07-24 05:05:22:522"}
{"error":"fetch failed","level":"error","message":"[OBSERVABILITY] Failed to collect system metrics","timestamp":"2025-07-24 05:05:26:526"}
{"error":"fetch failed","level":"error","message":"[OBSERVABILITY] Failed to collect system metrics","timestamp":"2025-07-24 05:05:33:533"}
{"error":"fetch failed","level":"error","message":"[OBSERVABILITY] Failed to collect system metrics","timestamp":"2025-07-24 05:05:33:533"}
{"error":"fetch failed","level":"error","message":"[OBSERVABILITY] Failed to collect system metrics","timestamp":"2025-07-24 05:05:33:533"}
{"error":"fetch failed","level":"error","message":"[OBSERVABILITY] Failed to collect system metrics","timestamp":"2025-07-24 05:05:37:537"}
{"error":"fetch failed","level":"error","message":"[OBSERVABILITY] Failed to collect system metrics","timestamp":"2025-07-24 05:05:38:538"}
{"error":"fetch failed","level":"error","message":"[OBSERVABILITY] Failed to collect system metrics","timestamp":"2025-07-24 05:05:44:544"}
{"error":"fetch failed","level":"error","message":"[OBSERVABILITY] Failed to collect system metrics","timestamp":"2025-07-24 05:05:44:544"}
{"error":"fetch failed","level":"error","message":"[OBSERVABILITY] Failed to collect system metrics","timestamp":"2025-07-24 05:05:48:548"}
{"error":"fetch failed","level":"error","message":"[OBSERVABILITY] Failed to collect system metrics","timestamp":"2025-07-24 05:05:48:548"}
{"error":"fetch failed","level":"error","message":"[OBSERVABILITY] Failed to collect system metrics","timestamp":"2025-07-24 05:05:49:549"}
{"error":"fetch failed","level":"error","message":"[OBSERVABILITY] Failed to collect system metrics","timestamp":"2025-07-24 05:05:49:549"}
{"error":"fetch failed","level":"error","message":"[OBSERVABILITY] Failed to collect system metrics","timestamp":"2025-07-24 05:05:54:554"}
{"error":"fetch failed","level":"error","message":"[OBSERVABILITY] Failed to collect system metrics","timestamp":"2025-07-24 05:05:58:558"}
{"error":"fetch failed","level":"error","message":"[OBSERVABILITY] Failed to collect system metrics","timestamp":"2025-07-24 05:05:58:558"}
{"error":"fetch failed","level":"error","message":"[OBSERVABILITY] Failed to collect system metrics","timestamp":"2025-07-24 05:05:59:559"}
{"error":"fetch failed","level":"error","message":"[OBSERVABILITY] Failed to collect system metrics","timestamp":"2025-07-24 05:06:11:611"}
{"error":"fetch failed","level":"error","message":"[OBSERVABILITY] Failed to collect system metrics","timestamp":"2025-07-24 05:06:11:611"}
{"error":"fetch failed","level":"error","message":"[OBSERVABILITY] Failed to collect system metrics","timestamp":"2025-07-24 05:06:11:611"}
{"error":"fetch failed","level":"error","message":"[OBSERVABILITY] Failed to collect system metrics","timestamp":"2025-07-24 05:06:11:611"}
{"error":"fetch failed","level":"error","message":"[OBSERVABILITY] Failed to collect system metrics","timestamp":"2025-07-24 05:06:14:614"}
{"error":"fetch failed","level":"error","message":"[OBSERVABILITY] Failed to collect system metrics","timestamp":"2025-07-24 05:06:18:618"}
{"error":"fetch failed","level":"error","message":"[OBSERVABILITY] Failed to collect system metrics","timestamp":"2025-07-24 05:06:18:618"}
{"error":"fetch failed","level":"error","message":"[OBSERVABILITY] Failed to collect system metrics","timestamp":"2025-07-24 05:06:19:619"}
{"error":"fetch failed","level":"error","message":"[OBSERVABILITY] Failed to collect system metrics","timestamp":"2025-07-24 05:06:30:630"}
{"error":"fetch failed","level":"error","message":"[OBSERVABILITY] Failed to collect system metrics","timestamp":"2025-07-24 05:06:34:634"}
{"error":"fetch failed","level":"error","message":"[OBSERVABILITY] Failed to collect system metrics","timestamp":"2025-07-24 05:06:34:634"}
{"error":"fetch failed","level":"error","message":"[OBSERVABILITY] Failed to collect system metrics","timestamp":"2025-07-24 05:06:34:634"}
{"error":"fetch failed","level":"error","message":"[OBSERVABILITY] Failed to collect system metrics","timestamp":"2025-07-24 05:06:34:634"}
{"error":"fetch failed","level":"error","message":"[OBSERVABILITY] Failed to collect system metrics","timestamp":"2025-07-24 05:06:38:638"}
{"error":"fetch failed","level":"error","message":"[OBSERVABILITY] Failed to collect system metrics","timestamp":"2025-07-24 05:06:38:638"}
{"error":"fetch failed","level":"error","message":"[OBSERVABILITY] Failed to collect system metrics","timestamp":"2025-07-24 05:06:39:639"}
{"error":"fetch failed","level":"error","message":"[OBSERVABILITY] Failed to collect system metrics","timestamp":"2025-07-24 05:06:44:644"}
{"error":"fetch failed","level":"error","message":"[OBSERVABILITY] Failed to collect system metrics","timestamp":"2025-07-24 05:06:57:657"}
{"error":"fetch failed","level":"error","message":"[OBSERVABILITY] Failed to collect system metrics","timestamp":"2025-07-24 05:06:58:658"}
{"error":"fetch failed","level":"error","message":"[OBSERVABILITY] Failed to collect system metrics","timestamp":"2025-07-24 05:06:58:658"}
{"error":"fetch failed","level":"error","message":"[OBSERVABILITY] Failed to collect system metrics","timestamp":"2025-07-24 05:06:59:659"}
{"error":"fetch failed","level":"error","message":"[OBSERVABILITY] Failed to collect system metrics","timestamp":"2025-07-24 05:06:59:659"}
{"error":"fetch failed","level":"error","message":"[OBSERVABILITY] Failed to collect system metrics","timestamp":"2025-07-24 05:06:59:659"}
{"error":"fetch failed","level":"error","message":"[OBSERVABILITY] Failed to collect system metrics","timestamp":"2025-07-24 05:07:01:71"}
{"error":"fetch failed","level":"error","message":"[OBSERVABILITY] Failed to collect system metrics","timestamp":"2025-07-24 05:07:04:74"}
{"error":"fetch failed","level":"error","message":"[OBSERVABILITY] Failed to collect system metrics","timestamp":"2025-07-24 05:07:08:78"}
